id,price,desc,numstories,yearbuilt,exteriorfinish,rooftype,basement,totalrooms,bedrooms,bathrooms,fireplaces,sqft,lotarea,zipcode,AvgIncome,Location,DistDowntown
PA10258,432500,SINGLE FAMILY,2,1988,Brick,SHINGLE,1,9,5,2.5,1,4112,11400,15236,46913,NotCity,7.695
PA10261,86000,SINGLE FAMILY,1,1931,Brick,SHINGLE,1,6,3,1.5,1,1080,10336,15037,55863,NotCity,18.97
PA10698,875000,SINGLE FAMILY,1,1950,Stone,SLATE,1,10,3,3,2,3322,23950,15243,60717,NotCity,7.224
PA10417,460000,SINGLE FAMILY,2,1900,Frame,SHINGLE,1,7,3,2,0,2323,1218,15212,26712,PartCity,2.168
PA10452,900000,SINGLE FAMILY,1,1995,Frame,SHINGLE,1,3,1,1,0,1011,496671,15235,41367,PartCity,10.963
PA10419,27000,MOBILE HOME,1,1968,Frame,METAL,1,4,2,1,0,696,14767,15026,69387,NotCity,23.041
PA10230,460000,SINGLE FAMILY,2,1962,Brick,SLATE,1,8,4,3,0,2540,12460,15243,60717,NotCity,7.224
PA10315,80900,SINGLE FAMILY,2,1930,Brick,SHINGLE,1,6,3,2,0,1134,2500,15227,38439,PartCity,6.258
PA10030,42500,ROWHOUSE,2,1900,Frame,SHINGLE,1,4,1,1,0,1024,816,15224,22880,City,4.644
PA10386,1250000,SINGLE FAMILY,2,1998,Stucco,SHINGLE,1,13,4,6,2,6705,87120,15044,95289,NotCity,16.661
PA10224,394000,SINGLE FAMILY,1,2001,Brick,SHINGLE,1,6,3,1.5,0,1980,11848,15225,30625,NotCity,8.932
PA10536,1700000,SINGLE FAMILY,2,1936,Brick,SLATE,1,12,6,6.5,2,7622,166573,15238,67370,NotCity,11.876
PA10582,121325,SINGLE FAMILY,2,1993,Frame,SHINGLE,1,6,3,1,1,2359,9749,15044,95289,NotCity,16.661
PA10906,299900,CONDOMINIUM,1,2006,Brick,SHINGLE,1,7,3,1.5,0,2634,10404,15025,60669,NotCity,13.094
PA10510,89500,SINGLE FAMILY,1,1925,Frame,SHINGLE,1,6,2,1,0,900,5000,15223,33724,NotCity,6.432
PA10078,154900,SINGLE FAMILY,2,1938,Frame,SHINGLE,1,6,3,1,1,1190,3600,15226,37889,PartCity,3.976
PA10631,254000,SINGLE FAMILY,2,1990,Brick,SHINGLE,1,9,3,2.5,1,2412,7869,15025,60669,NotCity,13.094
PA10653,180500,SINGLE FAMILY,1,1961,Brick,SHINGLE,1,7,3,2,1,1750,11104,15235,41367,PartCity,10.963
PA10905,185500,SINGLE FAMILY,1.5,1940,Brick,SHINGLE,1,7,3,1,0,1251,5500,15238,67370,NotCity,11.876
PA10749,155000,SINGLE FAMILY,2,1893,Frame,SHINGLE,1,5,2,1,0,1244,3500,15025,60669,NotCity,13.094
PA10671,495000,SINGLE FAMILY,2,2003,Brick,SHINGLE,1,9,4,3.5,1,4025,42819,15044,95289,NotCity,16.661
PA10615,127000,SINGLE FAMILY,1,1954,Brick,SHINGLE,1,6,3,1.5,0,1267,10960,15241,85102,NotCity,10.798
PA10934,172500,MULTI-FAMILY,2.5,1925,Brick,SLATE,1,9,4,2,0,2160,2482,15218,35983,PartCity,6.905
PA10495,66000,SINGLE FAMILY,2,1950,Brick,SHINGLE,1,5,2,1.5,0,1165,3600,15213,18473,City,3.316
PA10633,412705,CONDOMINIUM,2,2016,Frame,SHINGLE,1,7,3,3,0,3016,8889,15236,46913,NotCity,7.695
PA10146,1175000,SINGLE FAMILY,2,1933,Brick,SLATE,1,9,3,5,2,4020,27764,15228,58440,NotCity,7.011
PA10304,299900,CONDOMINIUM,2,2014,Brick,SHINGLE,0,6,3,2.5,0,2424,0,15237,55016,NotCity,11.386
PA10384,400000,SINGLE FAMILY,1,1989,Stone,SHINGLE,1,8,3,2.5,1,6341,745007,15025,60669,NotCity,13.094
PA10854,36000,SINGLE FAMILY,1,1940,Brick,SHINGLE,1,6,3,1,1,972,4155,15235,41367,PartCity,10.963
PA10621,311000,SINGLE FAMILY,1.5,1940,Frame,SHINGLE,1,10,5,2.5,1,2693,31200,15236,46913,NotCity,7.695
PA10889,365000,SINGLE FAMILY,2,1900,Frame,SHINGLE,1,7,4,2,0,2349,2500,15215,43750,PartCity,7.116
PA10500,133000,SINGLE FAMILY,1.5,1940,Stone,SHINGLE,1,7,3,2,1,1635,7800,15236,46913,NotCity,7.695
PA10793,495000,SINGLE FAMILY,2,1967,Frame,SHINGLE,1,9,5,2.5,2,2675,25788,15215,43750,PartCity,7.116
PA10530,234000,CONDOMINIUM,1,2000,Frame,SHINGLE,0,6,2,2.5,1,1596,0,15025,60669,NotCity,13.094
PA10196,527500,SINGLE FAMILY,2,2004,Brick,SHINGLE,1,10,4,4.5,0,3791,51501,15332,62875,NotCity,20.091
PA10642,930000,SINGLE FAMILY,2,1980,Stucco,ROLL,1,14,6,7,1,5879,22601,15243,60717,NotCity,7.224
PA10482,282219,SINGLE FAMILY,2,2017,Frame,SHINGLE,1,8,4,2.5,0,2108,7500,15026,69387,NotCity,23.041
PA10574,450000,SINGLE FAMILY,1.7,2005,Brick,SHINGLE,0,8,4,2.5,0,3038,7685,15243,60717,NotCity,7.224
PA10611,43000,SINGLE FAMILY,2,1900,Frame,SHINGLE,1,5,3,1,0,1360,880,15224,22880,City,4.644
PA10612,1250000,SINGLE FAMILY,2,2001,Brick,SHINGLE,1,10,4,4.5,0,6434,104152,15044,95289,NotCity,16.661
PA10170,175000,SINGLE FAMILY,2,2006,Frame,SHINGLE,1,6,3,1.5,0,1320,3697,15214,30725,PartCity,4.168
PA10585,350000,MOBILE HOME,1,2017,Frame,SHINGLE,1,6,3,2,0,1769,3320902,15026,69387,NotCity,23.041
PA10084,2220000,SINGLE FAMILY,2,1999,Frame,METAL,1,12,6,7,3,11436,209698,15044,95289,NotCity,16.661
PA10259,79900,SINGLE FAMILY,1,1980,Brick,SHINGLE,1,7,3,2,1,1746,8466,15037,55863,NotCity,18.97
PA10105,171000,SINGLE FAMILY,1,1957,Brick,SHINGLE,1,6,3,1,1,1226,11084,15218,35983,PartCity,6.905
PA10178,1457750,SINGLE FAMILY,2,2001,Stucco,SHINGLE,1,8,4,4.5,1,4540,77101,15238,67370,NotCity,11.876
PA10646,185000,SINGLE FAMILY,1,1960,Stone,SHINGLE,1,6,3,1.5,1,1862,14187,15037,55863,NotCity,18.97
PA10518,235150,SINGLE FAMILY,2,2008,Frame,SHINGLE,1,8,4,2.5,0,2552,14363,15025,60669,NotCity,13.094
PA10976,547500,SINGLE FAMILY,2,1924,Brick,SLATE,1,7,4,3,0,2745,14634,15216,39526,PartCity,3.842
PA10785,94000,SINGLE FAMILY,2,1962,Brick,SHINGLE,1,7,4,2,1,1900,20250,15215,43750,PartCity,7.116
PA10383,216300,SINGLE FAMILY,2,1994,Brick,SHINGLE,1,7,4,2.5,1,3120,14375,15044,95289,NotCity,16.661
PA10112,67500,SINGLE FAMILY,1,1955,Brick,SHINGLE,1,4,1,1,0,658,6000,15237,55016,NotCity,11.386
PA10897,276335,CONDOMINIUM,2,2011,Frame,SHINGLE,1,8,4,2.5,0,2756,0,15227,38439,PartCity,6.258
PA10031,346250,SINGLE FAMILY,2,2005,Frame,SHINGLE,1,8,4,2.5,0,3911,15072,15037,55863,NotCity,18.97
PA10872,394000,CONDOMINIUM,1,2007,Concrete,ROLL,0,3,1,1.5,0,1315,0,15222,18598,City,0.522
PA10373,120000,SINGLE FAMILY,1,1960,Brick,SHINGLE,1,5,3,1.5,0,910,13348,15212,26712,PartCity,2.168
PA10931,254915,SINGLE FAMILY,2,2012,Frame,SHINGLE,1,8,4,2.5,0,2408,16546,15025,60669,NotCity,13.094
PA10772,119000,CONDOMINIUM,2,1989,Frame,SHINGLE,1,4,2,2,0,1408,0,15235,41367,PartCity,10.963
PA10493,299900,SINGLE FAMILY,2,2007,Brick,SHINGLE,1,8,4,2.5,0,2354,29039,15025,60669,NotCity,13.094
PA10932,86500,SINGLE FAMILY,2,1948,Brick,SHINGLE,1,6,3,1,0,1108,2700,15227,38439,PartCity,6.258
PA10748,42000,SINGLE FAMILY,1,1940,Brick,SHINGLE,1,6,2,1.5,0,932,10560,15214,30725,PartCity,4.168
PA10427,1080000,SINGLE FAMILY,2,1993,Brick,SHINGLE,1,14,5,6.5,1,6170,229300,15044,95289,NotCity,16.661
PA10238,277100,SINGLE FAMILY,2,2016,Frame,SHINGLE,1,8,4,2.5,0,2248,7264,15026,69387,NotCity,23.041
PA10511,265000,SINGLE FAMILY,1,1952,Brick,SHINGLE,1,7,3,2.5,0,2106,9565,15243,60717,NotCity,7.224
PA10253,300000,CONDOMINIUM,2,1993,Frame,SHINGLE,1,7,3,1.5,0,1806,1536,15212,26712,PartCity,2.168
PA10411,390000,SINGLE FAMILY,2,1987,Stucco,SLATE,1,9,3,2.5,1,3680,44475,15237,55016,NotCity,11.386
PA10596,253000,SINGLE FAMILY,2,1990,Frame,SHINGLE,1,9,4,2.5,1,2548,11857,15044,95289,NotCity,16.661
PA10065,250000,SINGLE FAMILY,2,1910,Brick,SHINGLE,1,8,4,2,0,1431,2200,15213,18473,City,3.316
PA10326,500000,SINGLE FAMILY,2,1975,Brick,SHINGLE,1,11,5,3.5,2,4228,435600,15025,60669,NotCity,13.094
PA10747,1370000,SINGLE FAMILY,2,1958,Brick,SHINGLE,1,8,4,2.5,1,2708,40435,15235,41367,PartCity,10.963
PA10069,167500,SINGLE FAMILY,1,1927,Frame,SHINGLE,1,6,3,1,0,1266,27356,15044,95289,NotCity,16.661
PA10131,499900,SINGLE FAMILY,2,2014,Frame,SHINGLE,1,9,4,3.5,0,4614,10577,15026,69387,NotCity,23.041
PA10129,900000,SINGLE FAMILY,2,1936,Stone,SLATE,1,9,4,5,2,5980,17710,15243,60717,NotCity,7.224
PA10666,420000,SINGLE FAMILY,2,1925,Brick,SLATE,1,10,6,2,1,2730,6000,15213,18473,City,3.316
PA10402,37000,SINGLE FAMILY,2,1900,Frame,SHINGLE,1,6,3,1.5,0,1629,1680,15213,18473,City,3.316
PA10227,82000,CONDOMINIUM,2,1984,Frame,SHINGLE,1,4,2,1.5,0,992,1200,15236,46913,NotCity,7.695
PA10544,280000,SINGLE FAMILY,1.5,1956,Brick,SHINGLE,1,9,4,3,2,2300,7281,15243,60717,NotCity,7.224
PA10923,112000,SINGLE FAMILY,1,1965,Frame,SHINGLE,1,6,3,2,1,1630,18731,15332,62875,NotCity,20.091
PA10675,964012,SINGLE FAMILY,2,1956,Frame,SHINGLE,1,7,4,3.5,2,5886,44083,15215,43750,PartCity,7.116
PA10704,47500,SINGLE FAMILY,1,1910,Frame,SHINGLE,1,8,4,1,1,2636,21214,15212,26712,PartCity,2.168
PA10403,305700,SINGLE FAMILY,1,1954,Brick,SHINGLE,0,5,3,2,1,1762,13925,15243,60717,NotCity,7.224
PA10026,295000,CONDOMINIUM,1.5,1990,Brick,SHINGLE,1,6,3,3,1,3176,9017,15238,67370,NotCity,11.876
PA10782,165000,SINGLE FAMILY,1,1920,Frame,SHINGLE,1,5,4,1.5,1,1270,7442,15214,30725,PartCity,4.168
PA10997,390000,SINGLE FAMILY,2,1977,Frame,SHINGLE,1,8,4,2.5,1,3272,89646,15238,67370,NotCity,11.876
PA10911,123500,SINGLE FAMILY,1,1950,Brick,SHINGLE,1,5,3,1.5,1,1236,7816,15235,41367,PartCity,10.963
PA10173,51000,SINGLE FAMILY,1,1953,Brick,SHINGLE,1,5,2,1,1,886,7891,15034,57850,NotCity,13.448
PA10424,499900,SINGLE FAMILY,2,1990,Brick,SHINGLE,1,10,4,4,1,4420,30971,15044,95289,NotCity,16.661
PA10098,80000,SINGLE FAMILY,1,1948,Brick,SHINGLE,0,6,3,1,0,1328,1461,15236,46913,NotCity,7.695
PA10960,274000,ROWHOUSE,2,1910,Brick,SHINGLE,1,5,1,1,0,1956,1106,15212,26712,PartCity,2.168
PA10314,30000,SINGLE FAMILY,1,1920,Frame,SHINGLE,1,4,2,1,0,924,2500,15223,33724,NotCity,6.432
PA10418,75000,SINGLE FAMILY,1,1953,Brick,SHINGLE,1,5,2,1.5,1,771,6490,15236,46913,NotCity,7.695
PA10816,68860,SINGLE FAMILY,2,1900,Frame,SHINGLE,1,6,3,1,0,1468,3600,15034,57850,NotCity,13.448
PA10139,197000,SINGLE FAMILY,2,1956,Brick,SHINGLE,1,9,4,2.5,0,2199,6984,15243,60717,NotCity,7.224
PA10667,90000,MULTI-FAMILY,2,1900,Brick,SHINGLE,1,8,4,2,0,1387,1440,15213,18473,City,3.316
PA10725,55000,SINGLE FAMILY,1,1942,Frame,SHINGLE,0,4,2,1,0,850,6182,15225,30625,NotCity,8.932
PA10736,540000,SINGLE FAMILY,2,1973,Brick,SHINGLE,0,9,4,4.5,1,4294,92696,15215,43750,PartCity,7.116
PA10839,92000,SINGLE FAMILY,1,1952,Brick,SHINGLE,1,5,3,1,0,925,10500,15332,62875,NotCity,20.091
PA10504,150000,SINGLE FAMILY,2,1930,Frame,SHINGLE,1,6,3,2,0,1426,3000,15226,37889,PartCity,3.976
PA10663,168000,SINGLE FAMILY,2,1940,Brick,SHINGLE,1,8,3,2,1,1918,24000,15241,85102,NotCity,10.798
PA10720,59900,SINGLE FAMILY,1,1917,Frame,SHINGLE,1,5,2,2,0,1316,2875,15014,42500,NotCity,21.713
PA10251,120000,SINGLE FAMILY,1,1959,Brick,SHINGLE,1,5,2,1,1,1782,11256,15025,60669,NotCity,13.094
PA10188,520000,SINGLE FAMILY,2,1966,Frame,SHINGLE,1,9,5,2.5,1,2512,88427,15238,67370,NotCity,11.876
PA10183,454500,SINGLE FAMILY,2,1992,Frame,SHINGLE,1,10,4,4.5,2,3933,43952,15044,95289,NotCity,16.661
PA10119,64300,ROWHOUSE,2,1900,Frame,SHINGLE,1,7,3,2.5,0,2242,2054,15212,26712,PartCity,2.168
PA10767,159900,SINGLE FAMILY,1,1977,Frame,SHINGLE,1,7,3,2.5,0,1931,9093,15037,55863,NotCity,18.97
PA10342,89900,SINGLE FAMILY,2,1947,Brick,SHINGLE,1,6,3,2,1,1232,5701,15243,60717,NotCity,7.224
PA10903,29000,SINGLE FAMILY,1,1950,Frame,SHINGLE,1,5,2,1,0,900,4500,15223,33724,NotCity,6.432
PA10567,44500,SINGLE FAMILY,2,1920,Brick,ROLL,1,4,2,1,0,900,784,15224,22880,City,4.644
PA10972,248000,SINGLE FAMILY,2,1992,Brick,SHINGLE,1,7,4,2,0,2160,18432,15332,62875,NotCity,20.091
PA10426,39900,SINGLE FAMILY,2,1905,Frame,SHINGLE,1,4,2,1,0,952,2500,15225,30625,NotCity,8.932
PA10752,65000,CONDOMINIUM,1,1983,Brick,SHINGLE,0,5,2,1.5,0,851,0,15215,43750,PartCity,7.116
PA10954,123500,SINGLE FAMILY,2,1964,Brick,SHINGLE,1,6,3,1.5,0,1260,8400,15235,41367,PartCity,10.963
PA10757,234200,SINGLE FAMILY,2,2012,Frame,SHINGLE,1,8,4,2.5,0,1988,14415,15025,60669,NotCity,13.094
PA10583,450000,SINGLE FAMILY,2,1995,Brick,SHINGLE,1,9,5,3.5,1,3842,135123,15044,95289,NotCity,16.661
PA10231,170000,SINGLE FAMILY,1,1971,Frame,SHINGLE,1,5,2,1,0,1092,2115273,15332,62875,NotCity,20.091
PA10132,300000,SINGLE FAMILY,1,2014,Brick,SHINGLE,1,7,3,2.5,0,1687,11354,15025,60669,NotCity,13.094
PA10581,575872,SINGLE FAMILY,2,2017,Frame,SHINGLE,1,9,4,2.5,0,3476,20114,15237,55016,NotCity,11.386
PA10350,285000,SINGLE FAMILY,2,2013,Frame,SHINGLE,1,8,4,2.5,0,1934,7468,15026,69387,NotCity,23.041
PA10140,238000,SINGLE FAMILY,1,1950,Brick,SHINGLE,1,5,2,1.5,1,1980,16486,15220,44018,PartCity,3.907
PA10979,339960,SINGLE FAMILY,2,2017,Frame,SHINGLE,1,7,3,2.5,0,2296,43645,15025,60669,NotCity,13.094
PA10175,79900,SINGLE FAMILY,2,1905,Frame,SHINGLE,1,8,4,1,0,2475,26377,15037,55863,NotCity,18.97
PA10142,59900,SINGLE FAMILY,1,1961,Frame,SHINGLE,1,7,3,2,1,1200,8375,15237,55016,NotCity,11.386
PA10391,262000,SINGLE FAMILY,1,1958,Brick,SHINGLE,1,7,4,2,1,1482,10298,15243,60717,NotCity,7.224
PA10740,45550,SINGLE FAMILY,2.5,1905,Brick,SHINGLE,1,12,6,2,0,3225,1350,15219,14399,City,0
PA10874,95900,CONDOMINIUM,1,1972,Brick,ROLL,0,3,1,1,0,965,0,15215,43750,PartCity,7.116
PA10390,675000,SINGLE FAMILY,2,1990,Brick,SHINGLE,1,9,4,5,1,3529,31415,15044,95289,NotCity,16.661
PA10138,122000,SINGLE FAMILY,1,1944,Frame,SHINGLE,1,7,3,3,1,1144,70132,15044,95289,NotCity,16.661
PA10488,85000,SINGLE FAMILY,1,1958,Brick,SHINGLE,1,6,3,1,2,1001,22416,15241,85102,NotCity,10.798
PA10214,135000,SINGLE FAMILY,1,1950,Brick,SHINGLE,1,4,2,1,1,686,30692,15025,60669,NotCity,13.094
PA10034,144900,SINGLE FAMILY,1,1956,Brick,SHINGLE,1,7,3,2,0,1063,32096,15236,46913,NotCity,7.695
PA10810,280000,SINGLE FAMILY,1,1945,Brick,SLATE,1,7,3,2,1,2834,9460,15243,60717,NotCity,7.224
PA10486,47000,SINGLE FAMILY,3,1890,Brick,ROLL,1,5,2,1.5,0,3170,3091,15213,18473,City,3.316
PA10578,284800,CONDOMINIUM,1,2012,Brick,SHINGLE,1,5,3,2.5,0,1894,0,15237,55016,NotCity,11.386
PA10443,187500,SINGLE FAMILY,1.5,1991,Brick,SHINGLE,1,5,3,2.5,1,1522,7526,15224,22880,City,4.644
PA10145,51000,CONDOMINIUM,1,1930,Brick,ROLL,0,3,1,1,0,978,0,15216,39526,PartCity,3.842
PA10037,100000,SINGLE FAMILY,1,1950,Brick,SHINGLE,1,6,2,1,0,1160,6000,15037,55863,NotCity,18.97
PA10589,154000,SINGLE FAMILY,1,1960,Brick,SHINGLE,1,6,3,2,1,1085,5566,15226,37889,PartCity,3.976
PA10553,1500000,MULTI-FAMILY,2,1900,Brick,SHINGLE,1,12,6,3,3,3310,3710,15213,18473,City,3.316
PA10930,585000,SINGLE FAMILY,2.5,1889,Brick,SHINGLE,1,7,4,2.5,2,2828,9000,15218,35983,PartCity,6.905
PA10082,348000,SINGLE FAMILY,2,1990,Brick,SHINGLE,1,8,4,3,1,2972,13235,15236,46913,NotCity,7.695
PA10476,283000,SINGLE FAMILY,1.5,2002,Frame,SHINGLE,1,6,3,2.5,1,2459,21039,15037,55863,NotCity,18.97
PA10260,69900,SINGLE FAMILY,1,1960,Brick,SHINGLE,1,6,2,1,0,1385,11469,15030,50313,NotCity,17.039
PA10437,27200,SINGLE FAMILY,1.5,1920,Frame,SHINGLE,1,5,3,1.5,0,986,7410,15003,37868,NotCity,21.495
PA10029,299000,SINGLE FAMILY,2,1920,Frame,SHINGLE,1,9,4,2.5,0,3066,6533,15214,30725,PartCity,4.168
PA10091,85000,SINGLE FAMILY,1,1955,Brick,SHINGLE,1,7,3,2.5,1,1395,14000,15241,85102,NotCity,10.798
PA10950,342000,SINGLE FAMILY,1.5,2002,Brick,SHINGLE,1,7,3,2.5,0,1963,91040,15236,46913,NotCity,7.695
PA10828,222200,SINGLE FAMILY,2.5,1900,Frame,SHINGLE,1,7,3,2,0,3110,8648,15226,37889,PartCity,3.976
PA10813,426900,SINGLE FAMILY,2,1992,Stucco,SHINGLE,1,9,4,3.5,1,3976,16435,15044,95289,NotCity,16.661
PA10272,349900,SINGLE FAMILY,2,2017,Frame,SHINGLE,1,8,4,2.5,0,3232,13500,15025,60669,NotCity,13.094
PA10577,125000,MULTI-FAMILY,2,1910,Brick,SHINGLE,1,10,4,2,0,2376,4440,15218,35983,PartCity,6.905
PA10935,78000,SINGLE FAMILY,2,1950,Frame,SHINGLE,1,6,3,1,1,1161,10013,15241,85102,NotCity,10.798
PA10168,897500,SINGLE FAMILY,2,1938,Brick,SLATE,1,9,4,4,1,3934,113735,15215,43750,PartCity,7.116
PA10303,1195000,SINGLE FAMILY,2,1940,Brick,SHINGLE,1,12,4,6.5,5,10852,130680,15238,67370,NotCity,11.876
PA10508,150000,SINGLE FAMILY,1,1952,Brick,SHINGLE,1,5,2,1,0,1432,175634,15037,55863,NotCity,18.97
PA10575,333000,SINGLE FAMILY,1.5,2003,Brick,SHINGLE,1,6,3,2.5,0,2204,13504,15025,60669,NotCity,13.094
PA10564,77500,CONDOMINIUM,2,1986,Brick,SHINGLE,1,4,2,1.5,0,930,1271,15236,46913,NotCity,7.695
PA10093,512708,SINGLE FAMILY,2,2017,Frame,SHINGLE,1,10,4,2.5,0,3429,15180,15026,69387,NotCity,23.041
PA10990,567500,CONDOMINIUM,2,1970,Stucco,ROLL,1,6,3,1,0,2008,2875,15218,35983,PartCity,6.905
PA10282,65000,SINGLE FAMILY,2,1976,Brick,SHINGLE,1,8,4,2.5,1,2208,9000,15237,55016,NotCity,11.386
PA10762,85000,SINGLE FAMILY,1,1920,Frame,SHINGLE,1,3,1,1,0,475,2500,15218,35983,PartCity,6.905
PA10754,223500,SINGLE FAMILY,2,1910,Brick,ROLL,1,7,2,2,0,2204,1800,15212,26712,PartCity,2.168
PA10010,156000,SINGLE FAMILY,1,1968,Brick,SHINGLE,1,7,3,1.5,0,1453,7808,15025,60669,NotCity,13.094
PA10655,240000,SINGLE FAMILY,2,1988,Brick,SHINGLE,1,8,4,2.5,1,2824,20875,15025,60669,NotCity,13.094
PA10362,228000,SINGLE FAMILY,2,1989,Frame,SHINGLE,1,8,4,3.5,1,2046,12866,15044,95289,NotCity,16.661
PA10273,128000,SINGLE FAMILY,1,1952,Brick,SHINGLE,1,6,2,1,0,1080,13875,15243,60717,NotCity,7.224
PA10604,419000,SINGLE FAMILY,2,1900,Frame,SHINGLE,1,10,6,3.5,3,5310,12600,15218,35983,PartCity,6.905
PA10095,119900,SINGLE FAMILY,2,1952,Brick,SHINGLE,0,6,3,1.5,0,1440,9040,15236,46913,NotCity,7.695
PA10809,84900,SINGLE FAMILY,1,1940,Frame,SHINGLE,1,5,2,2,0,1187,7500,15034,57850,NotCity,13.448
PA10327,440000,SINGLE FAMILY,2,1964,Brick,SLATE,1,9,4,3.5,1,2200,15737,15243,60717,NotCity,7.224
PA10115,30000,SINGLE FAMILY,1,1926,Frame,SHINGLE,1,5,3,1,0,827,2500,15223,33724,NotCity,6.432
PA10249,450400,SINGLE FAMILY,2,1972,Frame,SHINGLE,1,8,4,2.5,1,2595,53797,15044,95289,NotCity,16.661
PA10677,111000,SINGLE FAMILY,1,1951,Brick,SHINGLE,1,5,3,1.5,2,1285,165964,15003,37868,NotCity,21.495
PA10397,125000,SINGLE FAMILY,1,1930,Frame,SHINGLE,1,6,3,1.5,0,823,17473,15044,95289,NotCity,16.661
PA10686,133800,SINGLE FAMILY,1,1952,Brick,SHINGLE,1,5,3,2,0,950,6600,15236,46913,NotCity,7.695
PA10760,64400,SINGLE FAMILY,2,1952,Brick,SHINGLE,1,6,3,1,1,1144,9000,15237,55016,NotCity,11.386
PA10681,36000,SINGLE FAMILY,1,1968,Frame,SHINGLE,1,7,3,1.5,0,1428,14753,15235,41367,PartCity,10.963
PA10201,28000,SINGLE FAMILY,2,1890,Frame,SHINGLE,1,4,2,1,0,812,740,15223,33724,NotCity,6.432
PA10702,26000,SINGLE FAMILY,2,1900,Frame,SHINGLE,1,6,3,1,0,1156,2500,15030,50313,NotCity,17.039
PA10020,170000,SINGLE FAMILY,1.5,1975,Brick,SHINGLE,1,8,4,4,1,4214,201678,15044,95289,NotCity,16.661
PA10966,297000,CONDOMINIUM,1,1920,Brick,ROLL,0,3,2,2,1,1609,0,15215,43750,PartCity,7.116
PA10571,175500,SINGLE FAMILY,1,1950,Brick,SHINGLE,1,7,3,2,0,1114,15987,15044,95289,NotCity,16.661
PA10293,35000,SINGLE FAMILY,2,1957,Brick,SHINGLE,1,6,3,1.5,1,1188,22114,15235,41367,PartCity,10.963
PA10144,67300,SINGLE FAMILY,1,1952,Brick,SHINGLE,1,6,4,1.5,0,825,4025,15216,39526,PartCity,3.842
PA10537,35700,CONDOMINIUM,2,2008,Frame,SHINGLE,1,6,3,1.5,0,930,748,15213,18473,City,3.316
PA10929,546000,SINGLE FAMILY,2,1975,Frame,SHINGLE,1,8,4,2.5,2,2991,20815,15238,67370,NotCity,11.876
PA10645,99000,SINGLE FAMILY,1,1965,Frame,SHINGLE,1,5,2,1.5,0,975,1655,15215,43750,PartCity,7.116
PA10893,75500,CONDOMINIUM,2,1985,Frame,SHINGLE,1,4,2,1.5,0,1054,1008,15236,46913,NotCity,7.695
PA10573,87000,SINGLE FAMILY,1,1964,Brick,SHINGLE,1,6,3,2,0,1234,20650,15037,55863,NotCity,18.97
PA10995,3170000,SINGLE FAMILY,2,2005,Stone,SLATE,1,10,4,5.5,3,9444,131290,15238,67370,NotCity,11.876
PA10775,160000,CONDOMINIUM,3,1900,Brick,SHINGLE,0,9,5,4,0,3831,0,15212,26712,PartCity,2.168
PA10184,26000,SINGLE FAMILY,2,1910,Frame,SHINGLE,1,4,2,1.5,0,2146,1740,15223,33724,NotCity,6.432
PA10910,215000,SINGLE FAMILY,1,1900,Frame,SHINGLE,1,3,2,1,0,939,2200,15212,26712,PartCity,2.168
PA10521,200000,SINGLE FAMILY,2,1900,Brick,SLATE,1,6,2,1,0,3192,7620,15224,22880,City,4.644
PA10909,690000,SINGLE FAMILY,2,1993,Frame,SHINGLE,1,10,4,3.5,1,5585,435600,15025,60669,NotCity,13.094
PA10953,465000,SINGLE FAMILY,2,1978,Frame,SHINGLE,1,11,5,3.5,2,3252,28592,15237,55016,NotCity,11.386
PA10254,44000,SINGLE FAMILY,2,1900,Brick,SHINGLE,1,4,2,1,0,1445,960,15224,22880,City,4.644
PA10013,350000,SINGLE FAMILY,1.5,1936,Brick,SLATE,1,6,3,3,1,2598,39917,15238,67370,NotCity,11.876
PA10489,271000,SINGLE FAMILY,2.5,1900,Brick,SHINGLE,1,10,6,3,2,2957,5076,15224,22880,City,4.644
PA10333,26000,SINGLE FAMILY,2,1915,Brick,SHINGLE,1,6,3,1,0,1260,4092,15213,18473,City,3.316
PA10246,177000,SINGLE FAMILY,1,1966,Brick,SHINGLE,1,7,3,1,0,1492,2386,15220,44018,PartCity,3.907
PA10969,69500,SINGLE FAMILY,1,1960,Brick,SHINGLE,1,5,2,1,1,981,11236,15332,62875,NotCity,20.091
PA10233,132000,SINGLE FAMILY,1,1961,Brick,SHINGLE,1,6,3,2.5,1,1671,32286,15037,55863,NotCity,18.97
PA10331,470000,SINGLE FAMILY,2,1934,Stone,SLATE,1,10,4,3.5,1,2453,10697,15243,60717,NotCity,7.224
PA10937,42000,ROWHOUSE,2,1900,Brick,ROLL,1,4,2,1,0,1048,1256,15224,22880,City,4.644
PA10325,194000,ROWHOUSE,3,1900,Frame,ROLL,1,5,3,1,0,1216,630,15224,22880,City,4.644
PA10620,195500,SINGLE FAMILY,2,1920,Frame,SHINGLE,1,9,4,1.5,0,1634,5200,15224,22880,City,4.644
PA10774,235000,SINGLE FAMILY,1,1950,Frame,SHINGLE,1,7,2,2,0,1293,130680,15238,67370,NotCity,11.876
PA10485,53000,SINGLE FAMILY,2,1900,Frame,SHINGLE,1,7,3,2,1,1728,4250,15214,30725,PartCity,4.168
PA10289,380000,SINGLE FAMILY,2,1940,Frame,SHINGLE,1,8,3,3,1,1665,15810,15243,60717,NotCity,7.224
PA10824,260600,SINGLE FAMILY,1,1950,Stone,SHINGLE,1,7,4,2.5,1,2136,42829,15237,55016,NotCity,11.386
PA10163,779000,SINGLE FAMILY,2,1934,Stone,SLATE,1,9,4,3,2,3378,16554,15243,60717,NotCity,7.224
PA10629,360000,SINGLE FAMILY,2,1902,Frame,SHINGLE,1,7,3,1,0,1470,3333,15215,43750,PartCity,7.116
PA10692,249000,SINGLE FAMILY,2,1978,Frame,SHINGLE,1,7,3,2.5,1,2114,31663,15044,95289,NotCity,16.661
PA10836,32500,SINGLE FAMILY,1,1945,Frame,SHINGLE,1,3,1,1,0,744,4280,15014,42500,NotCity,21.713
PA10501,120000,SINGLE FAMILY,1,1952,Brick,SHINGLE,1,6,3,1.5,1,1698,12633,15235,41367,PartCity,10.963
PA10330,585000,SINGLE FAMILY,1,1940,Stone,SLATE,1,7,3,3,1,1496,30099,15243,60717,NotCity,7.224
PA10718,219000,SINGLE FAMILY,1,2008,Frame,SHINGLE,0,6,2,3.5,0,2737,64251,15037,55863,NotCity,18.97
PA10602,317015,SINGLE FAMILY,2,2014,Frame,SHINGLE,1,8,4,2.5,0,2368,12983,15026,69387,NotCity,23.041
PA10276,133000,SINGLE FAMILY,1.5,1949,Frame,SHINGLE,1,5,2,1,1,1333,26316,15025,60669,NotCity,13.094
PA10517,139000,SINGLE FAMILY,1,1962,Brick,SHINGLE,1,6,3,1,0,988,111252,15026,69387,NotCity,23.041
PA10001,33000,MULTI-FAMILY,2,1920,Frame,SHINGLE,1,8,4,2,0,2079,2500,15223,33724,NotCity,6.432
PA10185,139500,SINGLE FAMILY,1,1940,Stone,SLATE,1,6,3,2,1,1729,8320,15235,41367,PartCity,10.963
PA10881,125000,SINGLE FAMILY,1,1955,Brick,SHINGLE,1,6,3,2,0,1196,5581,15037,55863,NotCity,18.97
PA10270,717500,MULTI-FAMILY,2,1958,Brick,SHINGLE,1,8,4,2,0,1824,174240,15235,41367,PartCity,10.963
PA10180,35000,SINGLE FAMILY,1,1999,Brick,SHINGLE,1,7,3,2,0,2080,10200,15220,44018,PartCity,3.907
PA10166,68000,SINGLE FAMILY,1,1977,Frame,SHINGLE,1,7,3,2.5,1,1594,55495,15026,69387,NotCity,23.041
PA10375,234900,SINGLE FAMILY,1,1962,Brick,SHINGLE,1,6,3,2.5,1,1609,6614,15227,38439,PartCity,6.258
PA10229,165000,SINGLE FAMILY,2,1915,Stone,SHINGLE,1,9,4,1,1,2244,21702,15236,46913,NotCity,7.695
PA10047,545300,SINGLE FAMILY,1.5,1951,Frame,SLATE,1,9,4,3,2,3027,122883,15238,67370,NotCity,11.876
PA10393,75000,SINGLE FAMILY,2,1920,Brick,SHINGLE,1,6,3,1.5,0,1696,8000,15212,26712,PartCity,2.168
PA10388,128000,SINGLE FAMILY,1,1950,Brick,SHINGLE,1,6,2,1.5,0,1040,6966,15243,60717,NotCity,7.224
PA10590,84900,MULTI-FAMILY,1,1947,Frame,SHINGLE,1,12,6,3,0,1824,3427,15014,42500,NotCity,21.713
PA10751,89900,SINGLE FAMILY,1,1910,Frame,SHINGLE,1,5,3,1.5,0,1395,9224,15031,55031,NotCity,16.265
PA10068,132200,SINGLE FAMILY,1,1978,Frame,SHINGLE,1,6,3,2,1,1284,8315,15025,60669,NotCity,13.094
PA10363,38500,SINGLE FAMILY,1,1956,Frame,SHINGLE,1,5,3,1,0,800,13600,15332,62875,NotCity,20.091
PA10337,345000,SINGLE FAMILY,1,1969,Frame,SHINGLE,1,9,5,2.5,1,2004,11655,15237,55016,NotCity,11.386
PA10912,182000,MULTI-FAMILY,3,1900,Brick,SHINGLE,1,11,3,4,0,2964,2500,15213,18473,City,3.316
PA10283,128000,SINGLE FAMILY,1.5,1950,Brick,SHINGLE,1,6,3,1,0,1437,5400,15236,46913,NotCity,7.695
PA10639,428500,SINGLE FAMILY,2,1997,Brick,SHINGLE,1,9,4,4,1,3056,21344,15044,95289,NotCity,16.661
PA10187,352000,SINGLE FAMILY,2,1924,Brick,SLATE,1,7,3,2,2,4103,214315,15235,41367,PartCity,10.963
PA10703,136300,SINGLE FAMILY,1,1956,Brick,SHINGLE,1,5,2,2,0,875,7576,15236,46913,NotCity,7.695
PA10380,33800,SINGLE FAMILY,1,1958,Brick,SHINGLE,1,4,1,1,0,900,7710,15235,41367,PartCity,10.963
PA10907,475000,SINGLE FAMILY,2,1995,Brick,SHINGLE,1,10,4,3.5,1,4385,40333,15005,64427,NotCity,22.026
PA10049,1011805,CONDOMINIUM,1,2015,Concrete,SHINGLE,1,10,4,4,0,3986,0,15238,67370,NotCity,11.876
PA10614,67000,SINGLE FAMILY,2,1972,Frame,SHINGLE,1,5,3,1.5,0,1240,7015,15237,55016,NotCity,11.386
PA10275,165000,SINGLE FAMILY,1,1956,Brick,SHINGLE,1,6,3,1,1,1213,10193,15236,46913,NotCity,7.695
PA10338,245000,SINGLE FAMILY,1,1970,Stone,SHINGLE,1,8,3,2,0,3926,18861,15235,41367,PartCity,10.963
PA10927,600000,MULTI-FAMILY,2.5,1900,Stone,SHINGLE,1,10,6,3,1,3636,2919,15213,18473,City,3.316
PA10875,140000,SINGLE FAMILY,1,1948,Frame,SHINGLE,1,6,3,2,0,1056,15200,15025,60669,NotCity,13.094
PA10345,51500,SINGLE FAMILY,2,1950,Brick,SHINGLE,1,6,2,1,0,1000,3300,15216,39526,PartCity,3.842
PA10038,149000,SINGLE FAMILY,1,1955,Brick,SHINGLE,1,6,4,2.5,0,1712,7324,15025,60669,NotCity,13.094
PA10975,125000,SINGLE FAMILY,1,1978,Brick,SHINGLE,1,6,3,1.5,1,1252,9100,15037,55863,NotCity,18.97
PA10062,26000,SINGLE FAMILY,2,1916,Frame,SHINGLE,1,5,2,1,1,1320,3960,15212,26712,PartCity,2.168
PA10638,368000,SINGLE FAMILY,1,1993,Brick,SHINGLE,1,5,2,2.5,1,2167,41164,15025,60669,NotCity,13.094
PA10311,329215,SINGLE FAMILY,2,2016,Frame,SHINGLE,1,9,4,2.5,1,2896,11551,15025,60669,NotCity,13.094
PA10056,1050000,SINGLE FAMILY,2,1930,Frame,SLATE,1,10,5,4.5,1,3523,125845,15238,67370,NotCity,11.876
PA10968,85000,SINGLE FAMILY,1,1957,Frame,SHINGLE,1,4,1,1,0,952,2400,15037,55863,NotCity,18.97
PA10832,36000,SINGLE FAMILY,2,1955,Brick,SHINGLE,1,6,3,1,0,924,7500,15235,41367,PartCity,10.963
PA10054,470000,SINGLE FAMILY,2,1989,Brick,SHINGLE,1,10,4,3,1,2820,2439,15243,60717,NotCity,7.224
PA10431,87000,CONDOMINIUM,2,1980,Frame,SHINGLE,1,5,2,1.5,0,1140,0,15218,35983,PartCity,6.905
PA10041,333000,SINGLE FAMILY,2,1988,Brick,SHINGLE,1,8,4,4.5,2,3754,17103,15025,60669,NotCity,13.094
PA10235,395000,MULTI-FAMILY,2,1920,Frame,SHINGLE,1,7,3,2,0,2104,3000,15215,43750,PartCity,7.116
PA10533,240000,SINGLE FAMILY,2,1900,Frame,SHINGLE,1,6,3,3,0,2000,1450,15212,26712,PartCity,2.168
PA10618,237025,CONDOMINIUM,2,2006,Frame,SHINGLE,1,6,3,2.5,0,1724,0,15227,38439,PartCity,6.258
PA10317,51000,SINGLE FAMILY,2,1900,Frame,SHINGLE,1,5,2,1,1,1179,1593,15216,39526,PartCity,3.842
PA10318,198000,MULTI-FAMILY,2,1906,Frame,SHINGLE,1,8,2,2,0,2360,3734,15215,43750,PartCity,7.116
PA10407,35000,SINGLE FAMILY,2,1920,Frame,SHINGLE,1,9,3,2,0,2034,7435,15003,37868,NotCity,21.495
PA10522,53000,SINGLE FAMILY,2,1880,Frame,SLATE,1,9,4,1,0,1864,6457,15215,43750,PartCity,7.116
PA10958,462000,SINGLE FAMILY,1,2015,Frame,SHINGLE,1,10,4,3,0,2184,100963,15332,62875,NotCity,20.091
PA10797,149900,CONDOMINIUM,2,1992,Frame,SHINGLE,1,4,2,2.5,0,1224,2473,15236,46913,NotCity,7.695
PA10838,47500,SINGLE FAMILY,1,1955,Brick,SHINGLE,1,6,3,2,1,976,6219,15216,39526,PartCity,3.842
PA10197,144000,SINGLE FAMILY,1,1952,Brick,SHINGLE,1,6,3,1.5,0,1116,9750,15025,60669,NotCity,13.094
PA10074,577500,SINGLE FAMILY,2,2003,Brick,SHINGLE,1,8,4,3,0,3884,384635,15025,60669,NotCity,13.094
PA10351,280000,SINGLE FAMILY,1.5,1953,Brick,SLATE,1,8,3,2.5,1,2693,15379,15243,60717,NotCity,7.224
PA10673,82400,CONDOMINIUM,1.5,1990,Frame,SHINGLE,0,5,2,2,0,1408,3032,15236,46913,NotCity,7.695
PA10798,1182370,SINGLE FAMILY,2,1908,Stone,SLATE,1,12,6,6.5,2,7894,19470,15213,18473,City,3.316
PA10739,304678,SINGLE FAMILY,2,2013,Frame,SHINGLE,1,7,4,3.5,0,2352,7500,15026,69387,NotCity,23.041
PA10867,138000,SINGLE FAMILY,1,1960,Brick,SHINGLE,1,5,2,1.5,2,1571,52577,15037,55863,NotCity,18.97
PA10167,189900,SINGLE FAMILY,1,1970,Brick,SHINGLE,1,7,3,1.5,0,1246,59982,15037,55863,NotCity,18.97
PA10475,139100,SINGLE FAMILY,1,1955,Frame,SHINGLE,1,5,3,1,0,936,49484,15005,64427,NotCity,22.026
PA10126,100000,SINGLE FAMILY,1,1952,Concrete,SHINGLE,0,4,2,1,0,1224,22380,15037,55863,NotCity,18.97
PA10421,186000,SINGLE FAMILY,1,1955,Brick,SHINGLE,1,6,3,1,1,1167,9511,15238,67370,NotCity,11.876
PA10710,269900,SINGLE FAMILY,1.5,1935,Brick,SLATE,1,6,3,2,1,1581,43560,15237,55016,NotCity,11.386
PA10904,700000,SINGLE FAMILY,2,1988,Brick,SLATE,1,10,4,3.5,1,3506,48613,15243,60717,NotCity,7.224
PA10777,89000,SINGLE FAMILY,2,1920,Frame,SHINGLE,1,5,2,1,0,1219,2500,15223,33724,NotCity,6.432
PA10456,245000,SINGLE FAMILY,2,1972,Frame,SHINGLE,1,7,3,2.5,1,2326,20767,15227,38439,PartCity,6.258
PA10844,252900,CONDOMINIUM,1,2013,Brick,SHINGLE,0,5,2,2.5,0,2340,7157,15025,60669,NotCity,13.094
PA10291,112500,SINGLE FAMILY,2,1920,Frame,SLATE,1,8,3,1,1,2210,5400,15003,37868,NotCity,21.495
PA10784,995000,SINGLE FAMILY,1.5,2011,Stone,SLATE,1,10,4,5,3,7636,54929,15238,67370,NotCity,11.876
PA10240,35000,SINGLE FAMILY,2,1926,Stone,SHINGLE,1,6,3,1,0,1186,3168,15212,26712,PartCity,2.168
PA10377,320000,SINGLE FAMILY,2,1988,Brick,SHINGLE,1,10,5,2.5,1,2448,17119,15025,60669,NotCity,13.094
PA10467,270000,CONDOMINIUM,2,2011,Frame,SHINGLE,1,7,3,2.5,0,2390,5405,15237,55016,NotCity,11.386
PA10918,290000,CONDOMINIUM,1.5,1998,Frame,SHINGLE,0,5,3,2,0,2170,9643,15236,46913,NotCity,7.695
PA10061,79900,SINGLE FAMILY,1,1951,Brick,SHINGLE,1,6,2,1.5,0,1220,7678,15034,57850,NotCity,13.448
PA10959,75000,CONDOMINIUM,2,1984,Frame,SHINGLE,1,4,2,1.5,0,992,1260,15236,46913,NotCity,7.695
PA10336,248176,SINGLE FAMILY,2,1855,Brick,SHINGLE,1,9,4,2,1,3570,10500,15212,26712,PartCity,2.168
PA10202,257500,SINGLE FAMILY,1,1962,Brick,SLATE,1,7,4,4,0,2817,29391,15235,41367,PartCity,10.963
PA10884,43900,SINGLE FAMILY,1,1940,Frame,SHINGLE,1,5,2,1,0,672,4000,15225,30625,NotCity,8.932
PA10398,800000,MULTI-FAMILY,1.5,1978,Log,SHINGLE,1,7,3,3,1,4710,871200,15044,95289,NotCity,16.661
PA10743,90000,SINGLE FAMILY,1,1960,Brick,SHINGLE,1,6,3,1,0,984,10203,15034,57850,NotCity,13.448
PA10986,34000,SINGLE FAMILY,2,1925,Frame,SHINGLE,1,6,3,1,0,1144,2560,15030,50313,NotCity,17.039
PA10761,575000,SINGLE FAMILY,1,1954,Stone,SLATE,1,9,3,3,1,2018,23925,15243,60717,NotCity,7.224
PA10942,417500,SINGLE FAMILY,1,1955,Brick,SHINGLE,1,10,4,2.5,2,3425,108900,15238,67370,NotCity,11.876
PA10869,405000,SINGLE FAMILY,2,1989,Brick,SHINGLE,1,10,4,3.5,1,3720,39600,15227,38439,PartCity,6.258
PA10234,275000,SINGLE FAMILY,1,1978,Frame,SHINGLE,1,7,3,1.5,1,1505,11395,15237,55016,NotCity,11.386
PA10192,215000,SINGLE FAMILY,2,1967,Brick,SHINGLE,1,8,4,2.5,0,1686,18927,15025,60669,NotCity,13.094
PA10430,115000,SINGLE FAMILY,1,1954,Brick,SHINGLE,1,5,2,1,0,888,5354,15220,44018,PartCity,3.907
PA10734,99900,SINGLE FAMILY,2,1986,Frame,SHINGLE,1,7,3,3,3,3136,87120,15037,55863,NotCity,18.97
PA10120,36000,SINGLE FAMILY,2,1945,Frame,SHINGLE,1,7,3,1.5,0,1200,3956,15220,44018,PartCity,3.907
PA10248,283000,SINGLE FAMILY,2,1830,Brick,SHINGLE,1,8,4,3,2,2723,813326,15037,55863,NotCity,18.97
PA10232,163760,CONDOMINIUM,2,1998,Brick,SHINGLE,0,5,2,2,0,2424,5592,15236,46913,NotCity,7.695
PA10176,36000,SINGLE FAMILY,1,1930,Frame,SHINGLE,1,4,2,1,1,755,6750,15220,44018,PartCity,3.907
PA10753,350000,SINGLE FAMILY,2,1955,Brick,SLATE,1,6,4,3.5,1,1836,13267,15243,60717,NotCity,7.224
PA10926,44000,SINGLE FAMILY,1,1949,Brick,SHINGLE,1,5,2,1,0,1136,3840,15030,50313,NotCity,17.039
PA10683,175800,SINGLE FAMILY,2,1964,Brick,SHINGLE,1,8,4,2.5,2,2650,41648,15044,95289,NotCity,16.661
PA10845,100000,SINGLE FAMILY,1,1926,Brick,SHINGLE,1,3,1,1,2,2752,5000,15215,43750,PartCity,7.116
PA10027,278079,SINGLE FAMILY,2,2016,Frame,SHINGLE,1,8,4,2.5,0,2420,7500,15026,69387,NotCity,23.041
PA10672,87600,SINGLE FAMILY,2,1900,Brick,SHINGLE,1,7,4,1.5,1,1800,5500,15218,35983,PartCity,6.905
PA10474,136000,SINGLE FAMILY,1,1952,Brick,SHINGLE,1,7,3,1.5,1,1443,11010,15025,60669,NotCity,13.094
PA10700,890000,SINGLE FAMILY,2.5,1930,Stone,SLATE,1,12,5,3.5,2,5154,10474,15228,58440,NotCity,7.011
PA10133,835000,SINGLE FAMILY,2,2015,Stucco,SHINGLE,1,13,5,7,0,8919,141012,15215,43750,PartCity,7.116
PA10239,228000,SINGLE FAMILY,2,1928,Frame,SHINGLE,1,6,3,2,0,1694,5600,15215,43750,PartCity,7.116
PA10737,550000,SINGLE FAMILY,2,1962,Brick,SLATE,1,10,5,4,1,3880,16376,15243,60717,NotCity,7.224
PA10191,29835,ROWHOUSE,2,1920,Brick,ROLL,1,4,2,1,0,960,1776,15238,67370,NotCity,11.876
PA10552,484900,SINGLE FAMILY,2,1997,Brick,SHINGLE,1,9,4,2.5,1,3452,17031,15237,55016,NotCity,11.386
PA10148,335500,SINGLE FAMILY,1,1951,Brick,SHINGLE,1,7,3,3,0,2313,57281,15226,37889,PartCity,3.976
PA10705,60000,SINGLE FAMILY,1,1900,Frame,SHINGLE,1,7,3,1.5,0,2338,28489,15026,69387,NotCity,23.041
PA10779,40000,SINGLE FAMILY,1,1942,Frame,SHINGLE,1,4,2,1,0,870,22278,15332,62875,NotCity,20.091
PA10123,288000,SINGLE FAMILY,1,2006,Brick,SHINGLE,1,7,3,2.5,0,1603,11274,15025,60669,NotCity,13.094
PA10174,925000,SINGLE FAMILY,2,1991,Brick,SHINGLE,1,10,4,5,2,8479,219630,15044,95289,NotCity,16.661
PA10555,237000,SINGLE FAMILY,2,1947,Frame,SHINGLE,1,6,3,1.5,0,1564,14500,15241,85102,NotCity,10.798
PA10364,162800,SINGLE FAMILY,1,1955,Brick,SHINGLE,1,6,3,2,0,1690,120095,15332,62875,NotCity,20.091
PA10805,130000,CONDOMINIUM,1,1979,Brick,ROLL,0,5,2,2,0,1870,0,15213,18473,City,3.316
PA10070,270000,SINGLE FAMILY,2,1970,Frame,SHINGLE,1,8,4,2.5,1,2059,11250,15237,55016,NotCity,11.386
PA10111,54900,SINGLE FAMILY,1,1950,Brick,SHINGLE,0,6,3,1,1,1526,10000,15237,55016,NotCity,11.386
PA10263,334000,SINGLE FAMILY,1,1958,Brick,SHINGLE,1,6,3,2,1,3353,58153,15237,55016,NotCity,11.386
PA10588,570000,SINGLE FAMILY,2,1999,Brick,SHINGLE,1,8,4,3.5,0,4050,47642,15025,60669,NotCity,13.094
PA10870,887000,SINGLE FAMILY,3,1900,Stucco,ROLL,1,8,5,1,0,2124,3000,15214,30725,PartCity,4.168
PA10159,187300,CONDOMINIUM,1.5,2000,Frame,SHINGLE,0,6,2,2.5,0,1825,0,15235,41367,PartCity,10.963
PA10873,108000,SINGLE FAMILY,2,1928,Brick,SHINGLE,1,6,3,1,0,1564,19567,15214,30725,PartCity,4.168
PA10094,392500,SINGLE FAMILY,2,1992,Stucco,SHINGLE,1,9,4,3,1,2960,23261,15237,55016,NotCity,11.386
PA10306,290000,SINGLE FAMILY,1.5,1988,Frame,SHINGLE,1,9,4,2.5,2,2792,19166,15025,60669,NotCity,13.094
PA10834,185000,SINGLE FAMILY,2.5,1925,Brick,SLATE,1,7,3,1.5,1,2064,3603,15224,22880,City,4.644
PA10484,74000,SINGLE FAMILY,2,1942,Brick,SHINGLE,1,6,3,1,1,1360,7800,15214,30725,PartCity,4.168
PA10579,76000,SINGLE FAMILY,1,1957,Brick,SHINGLE,1,7,3,2,1,1756,7800,15243,60717,NotCity,7.224
PA10255,160000,SINGLE FAMILY,1,1970,Brick,SHINGLE,1,7,3,2,1,1645,14690,15241,85102,NotCity,10.798
PA10941,148169,SINGLE FAMILY,1,1999,Frame,SHINGLE,1,6,3,2.5,0,1437,9439,15220,44018,PartCity,3.907
PA10032,515000,SINGLE FAMILY,2,1993,Brick,SHINGLE,1,9,4,4.5,1,3695,30056,15005,64427,NotCity,22.026
PA10538,51000,SINGLE FAMILY,1,1936,Frame,SHINGLE,1,5,2,1,0,1464,6540,15332,62875,NotCity,20.091
PA10015,315000,SINGLE FAMILY,2,1964,Brick,SHINGLE,1,9,4,2.5,1,2494,20025,15237,55016,NotCity,11.386
PA10361,122000,SINGLE FAMILY,2,1940,Brick,SLATE,1,7,3,1.5,1,1688,675,15243,60717,NotCity,7.224
PA10349,3300000,SINGLE FAMILY,2,1998,Brick,SLATE,1,12,5,7.5,2,12150,193711,15044,95289,NotCity,16.661
PA10003,36000,SINGLE FAMILY,2,1925,Frame,SHINGLE,1,4,2,1,0,1008,1100,15220,44018,PartCity,3.907
PA10829,35000,SINGLE FAMILY,1,1960,Brick,SHINGLE,1,6,3,1,0,952,4956,15235,41367,PartCity,10.963
PA10865,650000,SINGLE FAMILY,1.5,1961,Brick,SLATE,1,10,5,3,1,2887,29894,15243,60717,NotCity,7.224
PA10370,345000,SINGLE FAMILY,2,1997,Frame,SHINGLE,1,9,4,2.5,1,2128,18251,15044,95289,NotCity,16.661
PA10505,35000,SINGLE FAMILY,1,1940,Frame,SHINGLE,0,4,2,1,0,750,2421,15225,30625,NotCity,8.932
PA10706,259900,SINGLE FAMILY,2,2004,Frame,SHINGLE,1,8,4,3.5,0,3120,10454,15026,69387,NotCity,23.041
PA10643,277000,SINGLE FAMILY,2,1965,Frame,SHINGLE,1,6,4,2.5,1,2396,12000,15236,46913,NotCity,7.695
PA10928,32000,SINGLE FAMILY,2,1955,Brick,SHINGLE,1,6,3,1,0,1250,4180,15226,37889,PartCity,3.976
PA10713,308800,SINGLE FAMILY,2,2011,Frame,SHINGLE,1,9,4,2.5,1,2636,14456,15025,60669,NotCity,13.094
PA10750,685000,CONDOMINIUM,1,1997,Brick,ROLL,0,6,3,2,0,2589,0,15213,18473,City,3.316
PA10423,97400,SINGLE FAMILY,1.5,1949,Brick,SHINGLE,1,6,2,1,0,1120,17213,15241,85102,NotCity,10.798
PA10429,393000,SINGLE FAMILY,2,1990,Brick,SHINGLE,1,8,4,2.5,1,3269,92826,15220,44018,PartCity,3.907
PA10823,71000,CONDOMINIUM,1,1975,Frame,ROLL,0,3,1,1,0,751,0,15237,55016,NotCity,11.386
PA10731,128500,SINGLE FAMILY,1,1956,Brick,SHINGLE,1,5,3,2,0,950,6834,15236,46913,NotCity,7.695
PA10332,262500,SINGLE FAMILY,2,1989,Frame,SHINGLE,1,9,4,2.5,0,2028,20019,15237,55016,NotCity,11.386
PA10455,117500,SINGLE FAMILY,1,1956,Brick,SHINGLE,1,7,3,2,1,1222,17500,15026,69387,NotCity,23.041
PA10008,150000,SINGLE FAMILY,1,1950,Brick,SHINGLE,1,5,3,1.5,0,1120,4929,15226,37889,PartCity,3.976
PA10603,357000,SINGLE FAMILY,2,1940,Brick,SHINGLE,1,7,4,2.5,0,1278,4000,15215,43750,PartCity,7.116
PA10451,221300,SINGLE FAMILY,1,1957,Brick,SHINGLE,1,6,3,1.5,1,1486,10125,15235,41367,PartCity,10.963
PA10290,645000,CONDOMINIUM,1,1989,Stucco,SHINGLE,1,7,3,3.5,0,3419,18983,15238,67370,NotCity,11.876
PA10415,259900,SINGLE FAMILY,2,1967,Frame,SHINGLE,1,8,4,2,1,2272,12521,15227,38439,PartCity,6.258
PA10598,110000,SINGLE FAMILY,1,1959,Brick,SHINGLE,1,5,3,2.5,1,1080,9000,15332,62875,NotCity,20.091
PA10171,49900,SINGLE FAMILY,1,1941,Frame,SHINGLE,1,5,2,1,1,788,9628,15034,57850,NotCity,13.448
PA10089,88500,SINGLE FAMILY,1,1958,Brick,SHINGLE,1,4,2,1,1,888,7890,15223,33724,NotCity,6.432
PA10335,202000,SINGLE FAMILY,1,1960,Brick,SHINGLE,1,6,3,1,0,1524,7800,15220,44018,PartCity,3.907
PA10106,291580,SINGLE FAMILY,2,1950,Brick,SHINGLE,1,7,3,1.5,1,1704,8653,15243,60717,NotCity,7.224
PA10149,62000,SINGLE FAMILY,1,1946,Frame,SHINGLE,1,5,2,1,0,962,12137,15030,50313,NotCity,17.039
PA10858,490000,CONDOMINIUM,1,1986,Brick,ROLL,0,6,2,2,0,2609,0,15213,18473,City,3.316
PA10627,63500,SINGLE FAMILY,2,1925,Frame,SHINGLE,1,6,3,1.5,0,1470,25875,15030,50313,NotCity,17.039
PA10004,725000,SINGLE FAMILY,2.5,1991,Brick,SHINGLE,1,12,6,6,4,6525,29120,15044,95289,NotCity,16.661
PA10012,59000,SINGLE FAMILY,1,1940,Frame,SHINGLE,1,5,2,1,0,1150,7729,15034,57850,NotCity,13.448
PA10281,379000,MULTI-FAMILY,3,1880,Brick,SLATE,1,12,4,3.5,0,1980,1751,15212,26712,PartCity,2.168
PA10985,119500,SINGLE FAMILY,2,1988,Frame,SHINGLE,1,6,3,1.5,1,1744,9100,15025,60669,NotCity,13.094
PA10938,865000,SINGLE FAMILY,2,1996,Stucco,SHINGLE,1,9,4,5,2,3972,45738,15044,95289,NotCity,16.661
PA10339,79900,SINGLE FAMILY,1,1955,Brick,SHINGLE,1,6,3,1.5,0,1000,26560,15037,55863,NotCity,18.97
PA10660,449900,SINGLE FAMILY,2,2016,Frame,SHINGLE,1,8,4,2.5,0,3834,11945,15026,69387,NotCity,23.041
PA10676,86500,SINGLE FAMILY,1,1945,Brick,SHINGLE,1,6,3,2,1,1046,6000,15227,38439,PartCity,6.258
PA10514,284000,SINGLE FAMILY,2,1967,Brick,SLATE,1,7,4,1.5,1,1864,19341,15025,60669,NotCity,13.094
PA10122,218360,SINGLE FAMILY,2,1946,Brick,SHINGLE,1,7,3,2.5,1,1993,20520,15227,38439,PartCity,6.258
PA10067,228000,SINGLE FAMILY,2,1983,Frame,SHINGLE,1,8,4,2.5,1,2296,24000,15044,95289,NotCity,16.661
PA10389,79000,SINGLE FAMILY,2,1930,Frame,SHINGLE,1,6,2,1,0,920,4242,15220,44018,PartCity,3.907
PA10988,235000,SINGLE FAMILY,1.5,1951,Brick,SHINGLE,1,5,2,1,1,2526,20315,15220,44018,PartCity,3.907
PA10465,2492336,SINGLE FAMILY,2.5,1920,Stone,SLATE,1,13,5,7.5,4,15872,1393075,15238,67370,NotCity,11.876
PA10982,65800,SINGLE FAMILY,1,1957,Brick,SHINGLE,1,5,2,1.5,0,1352,4000,15030,50313,NotCity,17.039
PA10207,73000,SINGLE FAMILY,1,1950,Brick,SHINGLE,1,6,3,1.5,0,1200,9125,15237,55016,NotCity,11.386
PA10509,210000,SINGLE FAMILY,1,1955,Brick,SHINGLE,1,6,3,1.5,0,1470,3520,15213,18473,City,3.316
PA10116,215000,SINGLE FAMILY,1.5,1940,Frame,SHINGLE,1,6,3,3,0,1414,23958,15044,95289,NotCity,16.661
PA10323,240000,CONDOMINIUM,1,2000,Frame,SHINGLE,0,6,2,2.5,1,1596,0,15025,60669,NotCity,13.094
PA10715,122000,CONDOMINIUM,2,1993,Frame,SHINGLE,1,7,3,2.5,0,1312,2394,15044,95289,NotCity,16.661
PA10717,285000,SINGLE FAMILY,2,1965,Frame,SHINGLE,1,7,4,3,0,2259,13012,15025,60669,NotCity,13.094
PA10630,640000,SINGLE FAMILY,2,1972,Stone,SHINGLE,1,10,5,5.5,1,9058,60679,15235,41367,PartCity,10.963
PA10213,280000,SINGLE FAMILY,1,1982,Stucco,SHINGLE,1,7,3,3,1,2292,34476,15241,85102,NotCity,10.798
PA10647,91000,MULTI-FAMILY,2,1920,Frame,SLATE,1,7,2,2,0,1954,2500,15215,43750,PartCity,7.116
PA10028,144300,SINGLE FAMILY,1,1967,Frame,SHINGLE,1,8,3,2.5,1,1945,10403,15025,60669,NotCity,13.094
PA10081,258000,SINGLE FAMILY,2,1987,Frame,SHINGLE,1,8,4,2.5,1,2748,14274,15037,55863,NotCity,18.97
PA10601,235000,SINGLE FAMILY,2,1996,Frame,SHINGLE,1,7,4,2.5,0,2240,33193,15238,67370,NotCity,11.876
PA10799,132000,SINGLE FAMILY,1,1977,Brick,SHINGLE,1,6,3,2,0,1383,24555,15037,55863,NotCity,18.97
PA10121,384000,SINGLE FAMILY,2,1942,Brick,SLATE,1,11,4,3.5,2,2836,26498,15227,38439,PartCity,6.258
PA10842,175000,SINGLE FAMILY,1,1953,Frame,SHINGLE,1,5,2,1.5,0,720,43604,15044,95289,NotCity,16.661
PA10554,80000,SINGLE FAMILY,2,1890,Frame,SHINGLE,1,6,3,1.5,0,1280,2400,15220,44018,PartCity,3.907
PA10077,251545,SINGLE FAMILY,1.5,2004,Frame,SHINGLE,1,6,3,2.5,0,2307,18600,15037,55863,NotCity,18.97
PA10610,250000,SINGLE FAMILY,2.5,1890,Brick,SHINGLE,1,8,5,2.5,1,2119,3150,15213,18473,City,3.316
PA10856,128750,SINGLE FAMILY,1,1955,Brick,SHINGLE,1,6,2,1.5,1,962,10028,15236,46913,NotCity,7.695
PA10526,330000,SINGLE FAMILY,2,1960,Brick,SHINGLE,1,8,4,3,1,2015,7150,15243,60717,NotCity,7.224
PA10490,36000,SINGLE FAMILY,1,1930,Frame,SHINGLE,1,6,2,1,0,630,7643,15034,57850,NotCity,13.448
PA10096,85000,ROWHOUSE,2,1920,Brick,SHINGLE,1,7,4,1,0,2040,2399,15219,14399,City,0
PA10535,149000,CONDOMINIUM,2,1993,Frame,SHINGLE,1,6,3,1.5,0,1296,2810,15044,95289,NotCity,16.661
PA10313,215900,SINGLE FAMILY,1,1987,Brick,SHINGLE,1,6,3,2,1,1432,32696,15037,55863,NotCity,18.97
PA10658,1086250,MULTI-FAMILY,2,1860,Frame,SHINGLE,1,9,5,3,1,6912,263538,15044,95289,NotCity,16.661
PA10413,40000,SINGLE FAMILY,1,1970,Frame,SHINGLE,1,7,3,2,0,1300,2043,15332,62875,NotCity,20.091
PA10025,168000,SINGLE FAMILY,2,1935,Frame,SHINGLE,1,5,2,1.5,0,1440,27343,15044,95289,NotCity,16.661
PA10217,243000,SINGLE FAMILY,2,1936,Brick,SLATE,1,6,3,1.5,0,1526,7998,15235,41367,PartCity,10.963
PA10193,370000,SINGLE FAMILY,2,2007,Brick,SHINGLE,1,10,4,2.5,1,3504,202040,15332,62875,NotCity,20.091
PA10503,219000,SINGLE FAMILY,2,1994,Frame,SHINGLE,1,7,3,2.5,1,2364,17524,15025,60669,NotCity,13.094
PA10371,483340,SINGLE FAMILY,2,2017,Frame,SHINGLE,1,8,4,2.5,0,3168,26464,15026,69387,NotCity,23.041
PA10483,85000,SINGLE FAMILY,2,1920,Frame,SHINGLE,1,7,2,1.5,0,936,6172,15030,50313,NotCity,17.039
PA10547,123700,SINGLE FAMILY,1,1966,Brick,SHINGLE,1,8,3,2,1,2230,8638,15235,41367,PartCity,10.963
PA10059,510000,SINGLE FAMILY,2.5,1925,Stucco,SHINGLE,1,8,5,3.5,0,2740,4000,15224,22880,City,4.644
PA10984,594900,SINGLE FAMILY,1.5,1991,Frame,SHINGLE,1,9,4,3.5,1,3816,109771,15237,55016,NotCity,11.386
PA10878,812613,SINGLE FAMILY,2,2016,Frame,SHINGLE,1,12,4,4.5,0,5518,30570,15237,55016,NotCity,11.386
PA10730,123000,MULTI-FAMILY,1,1950,Frame,SHINGLE,1,6,3,1.5,0,1260,14220,15026,69387,NotCity,23.041
PA10808,749500,SINGLE FAMILY,2,1993,Brick,SHINGLE,1,11,6,4.5,1,4352,117612,15044,95289,NotCity,16.661
PA10024,88000,SINGLE FAMILY,2,1910,Brick,SLATE,1,9,4,2.5,1,2880,7950,15213,18473,City,3.316
PA10264,83000,SINGLE FAMILY,2,1915,Brick,SHINGLE,1,6,3,1,0,1276,3850,15214,30725,PartCity,4.168
PA10269,32500,SINGLE FAMILY,2,1930,Brick,SLATE,1,5,2,1,0,1588,3787,15226,37889,PartCity,3.976
PA10052,350000,SINGLE FAMILY,2,1890,Frame,SHINGLE,1,7,4,2,1,2856,3820212,15332,62875,NotCity,20.091
PA10989,253654,SINGLE FAMILY,2,2013,Frame,SHINGLE,1,8,4,2.5,1,3026,7468,15026,69387,NotCity,23.041
PA10245,327000,SINGLE FAMILY,2.5,1915,Frame,SHINGLE,1,9,5,3,2,2594,11685,15213,18473,City,3.316
PA10728,340759,CONDOMINIUM,1,1986,Brick,ROLL,0,6,3,2,0,3163,0,15213,18473,City,3.316
PA10445,288320,SINGLE FAMILY,2,2017,Frame,SHINGLE,1,8,4,2.5,0,1764,15496,15025,60669,NotCity,13.094
PA10885,117000,SINGLE FAMILY,1,1961,Brick,SHINGLE,1,6,3,1,1,974,46130,15026,69387,NotCity,23.041
PA10545,125000,ROWHOUSE,2,1900,Brick,SHINGLE,1,6,2,1.5,1,2032,1301,15212,26712,PartCity,2.168
PA10741,125900,SINGLE FAMILY,1,1965,Brick,SHINGLE,1,7,4,2,0,1491,7429,15037,55863,NotCity,18.97
PA10425,202125,SINGLE FAMILY,2,1994,Frame,SHINGLE,1,7,4,3.5,1,3046,20000,15238,67370,NotCity,11.876
PA10150,133000,SINGLE FAMILY,2,1950,Brick,SHINGLE,1,6,2,1,0,1135,8400,15236,46913,NotCity,7.695
PA10866,87000,SINGLE FAMILY,1,1967,Brick,SHINGLE,1,6,3,1.5,0,974,9206,15037,55863,NotCity,18.97
PA10294,254500,SINGLE FAMILY,2,1984,Brick,SHINGLE,1,8,3,2.5,2,1976,9104,15025,60669,NotCity,13.094
PA10365,31000,SINGLE FAMILY,2,1910,Frame,SHINGLE,1,4,2,1,0,1108,9331,15332,62875,NotCity,20.091
PA10329,1442182,SINGLE FAMILY,2,1920,Stone,ROLL,1,12,4,5.5,3,5878,224500,15215,43750,PartCity,7.116
PA10395,150000,MULTI-FAMILY,2,1940,Brick,ROLL,1,8,4,2,0,2346,5650,15225,30625,NotCity,8.932
PA10308,200000,SINGLE FAMILY,2,1920,Brick,SHINGLE,1,8,4,2.5,1,4184,20626,15220,44018,PartCity,3.907
PA10586,58000,SINGLE FAMILY,1,1950,Brick,SHINGLE,1,5,3,1,0,972,11145,15241,85102,NotCity,10.798
PA10043,190000,SINGLE FAMILY,1,1956,Frame,SHINGLE,1,6,3,2,1,1832,13500,15243,60717,NotCity,7.224
PA10162,44000,SINGLE FAMILY,2,1940,Frame,SHINGLE,1,6,3,1,0,1104,3300,15216,39526,PartCity,3.842
PA10837,40000,SINGLE FAMILY,2,1896,Frame,SHINGLE,1,4,2,1,0,1520,2640,15212,26712,PartCity,2.168
PA10460,1065000,SINGLE FAMILY,2,1940,Stone,SLATE,1,11,5,4,3,5115,16256,15243,60717,NotCity,7.224
PA10634,511000,SINGLE FAMILY,2.5,1909,Frame,SHINGLE,1,9,5,3,1,4467,22500,15218,35983,PartCity,6.905
PA10382,88000,SINGLE FAMILY,1,1958,Brick,SHINGLE,1,5,3,1.5,0,912,4814,15227,38439,PartCity,6.258
PA10348,850000,SINGLE FAMILY,2,2002,Brick,SHINGLE,1,10,5,4.5,2,3607,148148,15005,64427,NotCity,22.026
PA10691,129900,SINGLE FAMILY,1,1962,Frame,SHINGLE,1,7,3,2.5,0,1492,7654,15235,41367,PartCity,10.963
PA10498,525000,SINGLE FAMILY,2,1970,Brick,SLATE,1,11,5,4.5,1,4730,13734,15243,60717,NotCity,7.224
PA10981,155000,SINGLE FAMILY,2,1901,Stone,SHINGLE,1,10,5,2.5,0,4000,5874,15212,26712,PartCity,2.168
PA10674,300000,CONDOMINIUM,2,2007,Frame,SHINGLE,1,9,4,2.5,0,2211,17100,15037,55863,NotCity,18.97
PA10286,405300,SINGLE FAMILY,1,1951,Stone,SHINGLE,1,8,3,3.5,1,3729,42752,15235,41367,PartCity,10.963
PA10569,310000,SINGLE FAMILY,2,2001,Brick,SHINGLE,1,8,4,2.5,1,2762,270943,15037,55863,NotCity,18.97
PA10690,380000,SINGLE FAMILY,2,1991,Brick,SHINGLE,1,9,4,2.5,0,3479,29140,15025,60669,NotCity,13.094
PA10206,2675000,MULTI-FAMILY,1,1995,Stucco,ROLL,1,15,5,6,1,8052,330272,15238,67370,NotCity,11.876
PA10768,107500,CONDOMINIUM,1,1900,Brick,ROLL,0,4,1,1,0,1320,0,15212,26712,PartCity,2.168
PA10257,1150000,SINGLE FAMILY,2,1959,Brick,SLATE,1,12,5,4,2,6764,27692,15243,60717,NotCity,7.224
PA10826,340000,SINGLE FAMILY,1,1990,Stone,SHINGLE,1,9,4,3.5,2,3659,52751,15025,60669,NotCity,13.094
PA10009,87000,SINGLE FAMILY,1,1962,Brick,SHINGLE,1,6,3,1.5,0,1000,8747,15037,55863,NotCity,18.97
PA10605,2030000,SINGLE FAMILY,2,2012,Stone,SLATE,1,11,5,6.5,3,7841,54751,15044,95289,NotCity,16.661
PA10539,307000,SINGLE FAMILY,2,1968,Frame,SHINGLE,1,9,4,3.5,1,3100,8501,15243,60717,NotCity,7.224
PA10936,36000,SINGLE FAMILY,1,1997,Frame,SHINGLE,1,7,4,2,1,1500,43604,15332,62875,NotCity,20.091
PA10297,35500,SINGLE FAMILY,1,1957,Brick,SHINGLE,1,5,3,1,0,900,6250,15220,44018,PartCity,3.907
PA10310,41000,ROWHOUSE,2,1890,Frame,SHINGLE,1,4,2,1,0,1024,633,15224,22880,City,4.644
PA10267,470000,SINGLE FAMILY,2,1940,Brick,SLATE,1,10,4,3.5,1,2356,28695,15243,60717,NotCity,7.224
PA10177,1120000,SINGLE FAMILY,2,1941,Brick,SLATE,1,11,6,4,3,4394,130680,15238,67370,NotCity,11.876
PA10833,1525000,SINGLE FAMILY,2,1990,Brick,SHINGLE,1,12,6,4,2,7790,93044,15238,67370,NotCity,11.876
PA11000,140000,SINGLE FAMILY,1,1960,Brick,SHINGLE,1,6,3,1,0,952,2971,15215,43750,PartCity,7.116
PA10861,80000,SINGLE FAMILY,1,1956,Brick,SHINGLE,0,5,3,1,0,900,7150,15236,46913,NotCity,7.695
PA10811,48000,SINGLE FAMILY,1,1920,Frame,SHINGLE,1,4,2,1,0,852,7500,15014,42500,NotCity,21.713
PA10428,136500,SINGLE FAMILY,1.5,1950,Brick,SHINGLE,1,6,3,2,1,1523,5980,15214,30725,PartCity,4.168
PA10215,440000,ROWHOUSE,2,1900,Frame,ROLL,1,6,3,1,0,1260,1444,15213,18473,City,3.316
PA10781,1109680,MULTI-FAMILY,2,1925,Brick,SHINGLE,1,6,3,2.5,0,2650,4771,15216,39526,PartCity,3.842
PA10616,68000,SINGLE FAMILY,2,1930,Frame,SHINGLE,1,5,3,1,0,1444,3465,15212,26712,PartCity,2.168
PA10220,1170000,SINGLE FAMILY,2,2005,Stucco,SHINGLE,1,11,5,4.5,0,4977,37984,15044,95289,NotCity,16.661
PA10033,833500,SINGLE FAMILY,2,2009,Brick,SHINGLE,1,9,4,2.5,0,4113,131238,15237,55016,NotCity,11.386
PA10392,215000,SINGLE FAMILY,1.5,1953,Brick,SHINGLE,1,10,4,2.5,1,3992,72484,15332,62875,NotCity,20.091
PA10597,218000,SINGLE FAMILY,1,2011,Frame,SHINGLE,1,7,3,2.5,0,2347,10483,15025,60669,NotCity,13.094
PA10463,349880,SINGLE FAMILY,2,2017,Frame,SHINGLE,1,8,3,2.5,0,2308,10501,15025,60669,NotCity,13.094
PA10679,29900,SINGLE FAMILY,1,1958,Frame,SHINGLE,1,5,3,1,0,1252,15337,15241,85102,NotCity,10.798
PA10422,1025000,SINGLE FAMILY,2,1992,Frame,SHINGLE,1,8,4,4.5,1,6750,93610,15215,43750,PartCity,7.116
PA10891,899000,SINGLE FAMILY,2,1972,Frame,SHINGLE,1,9,5,3.5,4,5602,26104,15215,43750,PartCity,7.116
PA10058,84500,SINGLE FAMILY,2,1930,Frame,SHINGLE,1,5,2,1,0,1134,10862,15227,38439,PartCity,6.258
PA10072,324900,SINGLE FAMILY,1,1965,Brick,SHINGLE,1,7,3,2.5,1,2344,24966,15237,55016,NotCity,11.386
PA10900,775000,SINGLE FAMILY,2,1997,Brick,SHINGLE,1,9,4,3.5,1,3588,30697,15238,67370,NotCity,11.876
PA10719,350000,SINGLE FAMILY,1,1964,Stone,SHINGLE,1,8,4,3.5,0,2708,13755,15236,46913,NotCity,7.695
PA10665,70000,MULTI-FAMILY,1,1922,Frame,SHINGLE,1,6,3,1,0,1032,8954,15030,50313,NotCity,17.039
PA10343,110000,SINGLE FAMILY,1,1965,Frame,SHINGLE,1,5,3,1,0,1064,29152,15332,62875,NotCity,20.091
PA10409,57000,SINGLE FAMILY,1.5,1930,Brick,SHINGLE,1,6,3,2,1,1618,11321,15225,30625,NotCity,8.932
PA10685,140000,SINGLE FAMILY,1,1960,Brick,SHINGLE,1,7,3,2.5,1,2133,10743,15025,60669,NotCity,13.094
PA10657,44150,SINGLE FAMILY,1,1928,Frame,SHINGLE,1,4,2,1.5,0,828,3300,15216,39526,PartCity,3.842
PA10137,155000,SINGLE FAMILY,1,1950,Stone,SLATE,1,7,3,2.5,1,1856,25067,15243,60717,NotCity,7.224
PA10515,197400,SINGLE FAMILY,2,1900,Frame,SHINGLE,1,6,3,1,0,1350,830,15212,26712,PartCity,2.168
PA10563,1670000,SINGLE FAMILY,1.5,1955,Brick,SHINGLE,1,16,7,7.5,2,6403,130680,15238,67370,NotCity,11.876
PA10595,385000,SINGLE FAMILY,1,1949,Brick,SLATE,1,6,2,3,1,2322,23157,15243,60717,NotCity,7.224
PA10128,761955,SINGLE FAMILY,2,2017,Frame,SHINGLE,1,11,5,3.5,0,5038,20391,15237,55016,NotCity,11.386
PA10044,95000,SINGLE FAMILY,1,1919,Frame,SHINGLE,1,5,2,1,0,1408,169840,15332,62875,NotCity,20.091
PA10562,77000,ROWHOUSE,2,1900,Brick,SHINGLE,1,5,3,1,0,1228,7427,15213,18473,City,3.316
PA10200,465000,SINGLE FAMILY,2,1992,Brick,SHINGLE,1,8,4,3,1,3204,18127,15243,60717,NotCity,7.224
PA10309,400000,SINGLE FAMILY,2,1941,Stone,SLATE,1,11,4,4.5,0,4224,13892,15243,60717,NotCity,7.224
PA10125,350000,SINGLE FAMILY,2,1991,Stucco,SHINGLE,1,8,3,2,1,3034,33497,15025,60669,NotCity,13.094
PA10628,57500,CONDOMINIUM,1,1975,Frame,ROLL,0,3,1,1,0,764,0,15237,55016,NotCity,11.386
PA10506,245000,SINGLE FAMILY,1,1964,Brick,SHINGLE,0,8,4,2.5,1,2739,52272,15235,41367,PartCity,10.963
PA10401,250000,SINGLE FAMILY,1.5,1940,Frame,SHINGLE,1,7,3,2.5,0,1986,438475,15037,55863,NotCity,18.97
PA10256,1250000,SINGLE FAMILY,2,2000,Stone,SHINGLE,1,9,5,4.5,1,6494,49223,15238,67370,NotCity,11.876
PA10883,350000,CONDOMINIUM,1,2007,Concrete,ROLL,0,4,1,1.5,0,1578,0,15222,18598,City,0.522
PA10017,32000,MULTI-FAMILY,2.5,1910,Brick,SHINGLE,1,12,6,3,0,2235,3150,15213,18473,City,3.316
PA10570,76360,SINGLE FAMILY,1,1958,Brick,SHINGLE,1,6,3,1.5,1,1196,4313,15014,42500,NotCity,21.713
PA10580,250000,CONDOMINIUM,1,1979,Brick,ROLL,0,3,2,1,0,1610,0,15213,18473,City,3.316
PA10223,172000,SINGLE FAMILY,2,1920,Brick,SHINGLE,1,7,3,1,1,2150,6000,15218,35983,PartCity,6.905
PA10669,276918,SINGLE FAMILY,2,2016,Frame,SHINGLE,1,8,4,2.5,0,2112,7500,15026,69387,NotCity,23.041
PA10940,112500,SINGLE FAMILY,2,1977,Frame,SHINGLE,1,7,3,1.5,0,1450,12400,15212,26712,PartCity,2.168
PA10216,28000,SINGLE FAMILY,1,1906,Frame,SHINGLE,1,6,3,1,0,648,26231,15026,69387,NotCity,23.041
PA10055,140000,SINGLE FAMILY,1,1968,Brick,SHINGLE,1,9,4,2.5,1,2246,3995,15241,85102,NotCity,10.798
PA10714,304000,SINGLE FAMILY,2,1910,Frame,SHINGLE,1,6,3,1,0,1620,2500,15214,30725,PartCity,4.168
PA10800,46000,SINGLE FAMILY,2,1920,Brick,SHINGLE,1,5,2,1,0,984,1438,15216,39526,PartCity,3.842
PA10406,570000,SINGLE FAMILY,2,2007,Brick,SHINGLE,1,9,4,4.5,1,3364,41688,15025,60669,NotCity,13.094
PA10780,153000,SINGLE FAMILY,2,1901,Brick,SHINGLE,1,7,3,2,0,1642,14560,15241,85102,NotCity,10.798
PA10450,48500,SINGLE FAMILY,2,1911,Brick,SHINGLE,1,5,2,1,1,1186,3600,15034,57850,NotCity,13.448
PA10803,258000,SINGLE FAMILY,2.5,1920,Frame,SLATE,1,9,4,2.5,1,3575,5770,15226,37889,PartCity,3.976
PA10790,249900,CONDOMINIUM,1,2000,Frame,SHINGLE,0,5,2,2.5,1,1596,0,15025,60669,NotCity,13.094
PA10814,138000,SINGLE FAMILY,1,1952,Brick,SHINGLE,1,7,3,1.5,0,1248,7200,15243,60717,NotCity,7.224
PA10566,164900,SINGLE FAMILY,2,1966,Brick,SHINGLE,1,8,4,2.5,1,2072,9258,15235,41367,PartCity,10.963
PA10385,237200,SINGLE FAMILY,1,2010,Frame,SHINGLE,1,6,3,2,0,1748,14897,15025,60669,NotCity,13.094
PA10827,41500,SINGLE FAMILY,1,1962,Brick,SHINGLE,1,5,2,1,0,1083,6000,15014,42500,NotCity,21.713
PA10420,686362,SINGLE FAMILY,2,2017,Frame,SHINGLE,1,9,4,3.5,0,3922,35281,15237,55016,NotCity,11.386
PA10744,186000,CONDOMINIUM,2,1986,Frame,SHINGLE,1,5,2,2.5,1,1687,2565,15238,67370,NotCity,11.876
PA10360,140500,SINGLE FAMILY,1,1900,Brick,SHINGLE,1,6,2,1,2,2141,14472,15212,26712,PartCity,2.168
PA10635,119250,ROWHOUSE,1,2004,Frame,SHINGLE,0,5,2,1,0,1040,3850,15025,60669,NotCity,13.094
PA10284,36250,SINGLE FAMILY,1,1951,Brick,SHINGLE,1,6,3,1,1,850,7920,15235,41367,PartCity,10.963
PA10735,695000,SINGLE FAMILY,1,1940,Frame,SHINGLE,1,9,5,3,1,3371,64033,15237,55016,NotCity,11.386
PA10659,45000,SINGLE FAMILY,1,1935,Frame,SHINGLE,1,6,3,1,0,1224,5000,15030,50313,NotCity,17.039
PA10599,334750,SINGLE FAMILY,2,1950,Frame,SLATE,1,8,4,2.5,1,2364,12812,15243,60717,NotCity,7.224
PA10695,88000,SINGLE FAMILY,1,1951,Brick,SHINGLE,1,5,3,1,0,900,6250,15220,44018,PartCity,3.907
PA10241,498850,SINGLE FAMILY,1.5,1991,Stucco,SHINGLE,1,8,4,3,1,3810,39596,15237,55016,NotCity,11.386
PA10540,149900,CONDOMINIUM,2,1999,Frame,SHINGLE,1,5,2,2,0,1336,2730,15236,46913,NotCity,7.695
PA10204,485000,SINGLE FAMILY,2.5,1860,Frame,SHINGLE,1,8,4,3.5,1,4297,18278,15218,35983,PartCity,6.905
PA10099,104000,CONDOMINIUM,2,1977,Brick,SHINGLE,1,5,2,1,0,1116,1491,15218,35983,PartCity,6.905
PA10699,364210,CONDOMINIUM,2,2015,Frame,SHINGLE,1,9,3,3.5,0,3634,8682,15236,46913,NotCity,7.695
PA10568,160000,SINGLE FAMILY,2,1984,Brick,SHINGLE,1,7,3,2.5,1,2088,7500,15014,42500,NotCity,21.713
PA10746,135000,SINGLE FAMILY,2,1949,Brick,SHINGLE,1,6,3,1,0,1425,7150,15236,46913,NotCity,7.695
PA10045,365000,ROWHOUSE,2,1890,Brick,SHINGLE,1,6,2,1.5,1,1784,1323,15212,26712,PartCity,2.168
PA10039,201000,SINGLE FAMILY,1.5,2003,Frame,SHINGLE,1,7,3,1.5,1,1903,10668,15220,44018,PartCity,3.907
PA10210,749000,SINGLE FAMILY,2,2004,Brick,SHINGLE,1,10,4,3.5,0,4539,47655,15044,95289,NotCity,16.661
PA10584,148500,SINGLE FAMILY,1,1955,Brick,SHINGLE,1,5,3,1,0,900,11023,15025,60669,NotCity,13.094
PA10548,25500,SINGLE FAMILY,2,1910,Frame,SHINGLE,1,6,3,1,0,1440,2500,15030,50313,NotCity,17.039
PA10726,545000,SINGLE FAMILY,2,1992,Brick,SHINGLE,1,8,4,3.5,1,3436,29735,15238,67370,NotCity,11.876
PA10507,33000,SINGLE FAMILY,1,1930,Frame,SHINGLE,1,5,2,1,0,892,3664,15235,41367,PartCity,10.963
PA10079,208200,ROWHOUSE,2,1900,Brick,SHINGLE,1,6,3,1,0,1145,966,15213,18473,City,3.316
PA10549,118000,SINGLE FAMILY,2,1920,Frame,SHINGLE,1,6,3,1,0,1255,2800,15218,35983,PartCity,6.905
PA10925,51000,SINGLE FAMILY,1.5,1940,Frame,SHINGLE,1,5,2,1,0,1122,4800,15216,39526,PartCity,3.842
PA10354,160000,SINGLE FAMILY,2,1968,Brick,SHINGLE,1,7,3,2.5,0,1344,6621,15220,44018,PartCity,3.907
PA10063,699800,SINGLE FAMILY,2,1941,Stone,SLATE,1,12,4,4,3,4704,17860,15243,60717,NotCity,7.224
PA10632,65000,SINGLE FAMILY,1,1957,Brick,SHINGLE,1,6,2,1.5,0,1328,6428,15030,50313,NotCity,17.039
PA10996,116500,CONDOMINIUM,1,1972,Brick,ROLL,0,4,2,1,0,1146,0,15215,43750,PartCity,7.116
PA10190,385000,CONDOMINIUM,1,1972,Brick,ROLL,0,5,2,2.5,0,1830,0,15213,18473,City,3.316
PA10007,34000,SINGLE FAMILY,2,1955,Brick,SHINGLE,1,6,3,1,0,1144,9906,15235,41367,PartCity,10.963
PA10195,80500,SINGLE FAMILY,1,1955,Brick,SHINGLE,1,4,2,1,0,884,8400,15332,62875,NotCity,20.091
PA10709,255900,SINGLE FAMILY,3,1880,Brick,ROLL,1,9,3,2.5,0,2140,2200,15212,26712,PartCity,2.168
PA10965,142000,SINGLE FAMILY,2,1950,Brick,SHINGLE,1,6,2,1,0,960,10706,15236,46913,NotCity,7.695
PA10376,225000,SINGLE FAMILY,2,1835,Brick,SHINGLE,1,6,3,1.5,1,2504,83417,15332,62875,NotCity,20.091
PA10416,120000,SINGLE FAMILY,1,1953,Brick,SHINGLE,1,7,3,2.5,0,1400,16901,15241,85102,NotCity,10.798
PA10292,60000,SINGLE FAMILY,1,1959,Brick,SHINGLE,1,5,3,1,0,900,9750,15332,62875,NotCity,20.091
PA10819,565000,SINGLE FAMILY,1,1960,Frame,SHINGLE,1,7,4,2.5,0,1514,566280,15237,55016,NotCity,11.386
PA10917,155000,SINGLE FAMILY,2.8,1900,Frame,SHINGLE,1,8,4,1,0,2070,1820,15213,18473,City,3.316
PA10542,125000,SINGLE FAMILY,1,1953,Brick,SHINGLE,1,5,3,1.5,1,1638,18900,15218,35983,PartCity,6.905
PA10551,41000,SINGLE FAMILY,2,1910,Frame,SHINGLE,1,5,2,1,0,1524,1122,15224,22880,City,4.644
PA10609,121300,SINGLE FAMILY,1,1964,Brick,SHINGLE,1,7,3,2,0,1764,9380,15235,41367,PartCity,10.963
PA10882,88500,SINGLE FAMILY,2,1910,Frame,SHINGLE,1,8,4,2,1,1843,2087,15030,50313,NotCity,17.039
PA10005,85000,MULTI-FAMILY,2,1927,Brick,SHINGLE,1,12,6,4,1,2358,2970,15213,18473,City,3.316
PA10712,75000,SINGLE FAMILY,1,1950,Brick,SHINGLE,1,5,3,1.5,0,1330,5750,15014,42500,NotCity,21.713
PA10962,645000,SINGLE FAMILY,2,1970,Brick,SHINGLE,1,10,4,3,2,2754,55713,15238,67370,NotCity,11.876
PA10851,275000,SINGLE FAMILY,2,1979,Frame,SHINGLE,1,7,3,2.5,1,1696,40990,15237,55016,NotCity,11.386
PA10957,577668,CONDOMINIUM,1,1997,Brick,ROLL,0,6,3,2.5,0,2943,0,15213,18473,City,3.316
PA10592,126500,SINGLE FAMILY,1,1965,Frame,SHINGLE,1,5,2,1.5,1,1496,10063,15235,41367,PartCity,10.963
PA10843,200130,ROWHOUSE,3,1900,Frame,SHINGLE,1,4,2,1,0,2772,1578,15212,26712,PartCity,2.168
PA10274,189900,SINGLE FAMILY,2,1925,Brick,SLATE,1,7,3,1.5,0,2079,4073,15214,30725,PartCity,4.168
PA10006,35000,SINGLE FAMILY,2,1910,Brick,SHINGLE,1,5,2,1,0,1379,3047,15014,42500,NotCity,21.713
PA10471,240000,SINGLE FAMILY,1.5,1945,Brick,SLATE,1,6,2,1.5,1,1849,16000,15241,85102,NotCity,10.798
PA10948,35000,SINGLE FAMILY,2,2004,Frame,SHINGLE,1,9,4,3,0,2236,57913,15003,37868,NotCity,21.495
PA10727,44750,SINGLE FAMILY,2,1900,Frame,SHINGLE,1,6,3,2,0,2196,2000,15224,22880,City,4.644
PA10722,37500,SINGLE FAMILY,2,1900,Brick,SHINGLE,1,6,3,1,0,1220,3250,15213,18473,City,3.316
PA10208,155000,MULTI-FAMILY,1,1959,Brick,SHINGLE,1,8,4,2,0,1893,6165,15025,60669,NotCity,13.094
PA10442,223500,SINGLE FAMILY,2,1972,Frame,SHINGLE,1,8,4,2.5,1,2403,11664,15235,41367,PartCity,10.963
PA10271,429000,SINGLE FAMILY,2,1989,Frame,SHINGLE,1,9,4,2.5,1,3114,16957,15243,60717,NotCity,7.224
PA10247,290000,SINGLE FAMILY,2,1986,Frame,SHINGLE,1,8,4,2.5,2,2954,20818,15025,60669,NotCity,13.094
PA10724,62000,SINGLE FAMILY,2,1920,Frame,SHINGLE,1,6,3,1,1,1491,2054,15212,26712,PartCity,2.168
PA10593,1250000,SINGLE FAMILY,2,1992,Brick,SHINGLE,1,9,4,5,3,7764,83635,15238,67370,NotCity,11.876
PA10438,150000,SINGLE FAMILY,2,1960,Brick,SHINGLE,1,8,4,1.5,1,1584,9100,15037,55863,NotCity,18.97
PA10821,282682,SINGLE FAMILY,1,2013,Frame,SHINGLE,1,6,3,2,0,1764,16947,15025,60669,NotCity,13.094
PA10454,84615,CONDOMINIUM,2,1998,Frame,SHINGLE,0,6,3,1.5,0,1438,1150,15212,26712,PartCity,2.168
PA10802,68000,SINGLE FAMILY,1,1955,Brick,SHINGLE,1,5,2,1,0,910,9310,15332,62875,NotCity,20.091
PA10226,88000,SINGLE FAMILY,2,1925,Frame,SHINGLE,1,6,3,1.5,0,1224,2160,15218,35983,PartCity,6.905
PA10825,290000,CONDOMINIUM,2,1992,Brick,SHINGLE,1,7,3,2.5,1,2112,4080,15215,43750,PartCity,7.116
PA10414,415000,SINGLE FAMILY,1,1950,Stone,SLATE,1,6,3,3.5,2,3104,48700,15237,55016,NotCity,11.386
PA10477,1089625,SINGLE FAMILY,2,1962,Brick,SLATE,1,10,5,5.5,1,5216,56064,15243,60717,NotCity,7.224
PA10868,136000,SINGLE FAMILY,2,1978,Frame,SHINGLE,1,7,3,3,1,1781,34196,15026,69387,NotCity,23.041
PA10036,712500,SINGLE FAMILY,2,1925,Brick,SLATE,1,9,4,2.5,2,4512,40000,15236,46913,NotCity,7.695
PA10153,65000,SINGLE FAMILY,1,1950,Brick,SHINGLE,1,5,2,1,0,820,9473,15237,55016,NotCity,11.386
PA10607,30645,SINGLE FAMILY,1,1940,Brick,ROLL,1,6,3,1,0,1024,8294,15235,41367,PartCity,10.963
PA10212,336050,SINGLE FAMILY,2,1936,Stone,SLATE,1,9,5,4,1,2944,8775,15216,39526,PartCity,3.842
PA10745,563000,SINGLE FAMILY,2,1940,Brick,SHINGLE,1,6,3,1,0,1232,11859,15235,41367,PartCity,10.963
PA10947,320000,CONDOMINIUM,2,1993,Brick,SHINGLE,1,7,3,1.5,0,1814,3084,15212,26712,PartCity,2.168
PA10840,282000,SINGLE FAMILY,1,1935,Stone,SLATE,1,10,3,3,0,2208,12159,15243,60717,NotCity,7.224
PA10697,1071000,MULTI-FAMILY,2,1921,Stone,SLATE,1,11,6,6,2,4729,17260,15228,58440,NotCity,7.011
PA10434,262000,SINGLE FAMILY,1.5,1965,Frame,SHINGLE,1,7,3,1.5,0,1958,11173,15235,41367,PartCity,10.963
PA10786,144500,SINGLE FAMILY,2,1973,Frame,SHINGLE,1,7,3,1.5,1,1972,10663,15025,60669,NotCity,13.094
PA10242,117500,SINGLE FAMILY,2,1920,Frame,SHINGLE,1,5,2,1,0,1144,2400,15037,55863,NotCity,18.97
PA10368,347546,SINGLE FAMILY,1,2011,Frame,SHINGLE,1,6,3,2,0,1296,9000,15216,39526,PartCity,3.842
PA10341,238244,SINGLE FAMILY,1,2004,Brick,SHINGLE,1,8,3,2,0,1616,14023,15332,62875,NotCity,20.091
PA10708,212500,SINGLE FAMILY,2,1954,Brick,SHINGLE,1,7,3,2,1,1671,8754,15220,44018,PartCity,3.907
PA10182,600000,SINGLE FAMILY,2,1989,Frame,SHINGLE,1,11,4,7,3,3000,39285,15216,39526,PartCity,3.842
PA10002,133150,SINGLE FAMILY,1,1950,Stone,SHINGLE,1,5,2,1.5,1,1393,20255,15044,95289,NotCity,16.661
PA10387,67000,SINGLE FAMILY,2,1945,Brick,SHINGLE,1,5,2,1,0,918,3750,15216,39526,PartCity,3.842
PA10412,1125000,SINGLE FAMILY,2.5,1930,Brick,SLATE,1,11,6,3.5,2,6786,22554,15228,58440,NotCity,7.011
PA10073,446000,SINGLE FAMILY,2.5,1920,Brick,SLATE,1,9,6,2.5,0,3814,6600,15224,22880,City,4.644
PA10516,337200,SINGLE FAMILY,2,2012,Frame,SHINGLE,1,9,4,3,0,3766,23546,15026,69387,NotCity,23.041
PA10066,1950000,SINGLE FAMILY,2,2003,Brick,SLATE,1,10,5,5,1,4824,174676,15005,64427,NotCity,22.026
PA10729,77000,SINGLE FAMILY,2,1941,Brick,SLATE,1,6,3,2.5,1,1736,6439,15243,60717,NotCity,7.224
PA10886,496760,SINGLE FAMILY,1,1950,Frame,SHINGLE,1,6,3,1,0,1296,106722,15026,69387,NotCity,23.041
PA10135,218000,SINGLE FAMILY,1,1934,Frame,SHINGLE,1,6,1,1,1,863,43560,15235,41367,PartCity,10.963
PA10155,460000,SINGLE FAMILY,2.5,1920,Brick,SLATE,1,8,4,3,0,3171,4000,15215,43750,PartCity,7.116
PA10158,76500,SINGLE FAMILY,1,1957,Brick,SHINGLE,1,7,3,2,1,1860,7800,15243,60717,NotCity,7.224
PA10444,126197,SINGLE FAMILY,1,1955,Brick,SHINGLE,1,5,2,1,0,875,6480,15236,46913,NotCity,7.695
PA10481,178000,SINGLE FAMILY,2,1940,Brick,SLATE,1,8,4,2.5,1,2338,7950,15243,60717,NotCity,7.224
PA10998,337500,SINGLE FAMILY,2,1930,Frame,SHINGLE,1,8,4,3.5,1,2734,130754,15005,64427,NotCity,22.026
PA10776,249000,SINGLE FAMILY,1.5,1956,Brick,SHINGLE,1,8,3,3,1,2326,10151,15235,41367,PartCity,10.963
PA10916,650000,SINGLE FAMILY,2,1991,Brick,SHINGLE,1,12,5,4.5,1,6893,74880,15238,67370,NotCity,11.876
PA10285,920000,SINGLE FAMILY,2,1910,Stone,SLATE,1,15,5,7,2,5277,21515,15243,60717,NotCity,7.224
PA10964,425594,SINGLE FAMILY,2,2017,Frame,SHINGLE,1,8,4,2.5,0,2956,20046,15026,69387,NotCity,23.041
PA10046,50000,SINGLE FAMILY,2,1887,Brick,ROLL,1,8,2,1,0,2066,2160,15212,26712,PartCity,2.168
PA10899,34000,SINGLE FAMILY,3,1900,Frame,SHINGLE,1,7,4,1.5,1,2217,1820,15213,18473,City,3.316
PA10841,425000,SINGLE FAMILY,1,1988,Brick,SHINGLE,1,8,3,2.5,1,2697,578825,15037,55863,NotCity,18.97
PA10124,82500,SINGLE FAMILY,2,1931,Brick,SHINGLE,1,6,3,1.5,0,1776,2465,15218,35983,PartCity,6.905
PA10733,36300,SINGLE FAMILY,1,1900,Frame,SHINGLE,1,4,2,1,0,904,2116,15212,26712,PartCity,2.168
PA10469,25500,SINGLE FAMILY,2,1900,Frame,SHINGLE,1,7,4,1,0,1984,3000,15214,30725,PartCity,4.168
PA10541,1500000,MULTI-FAMILY,2,1978,Stone,SHINGLE,1,16,4,5,5,7484,159560,15238,67370,NotCity,11.876
PA10862,330000,SINGLE FAMILY,2,1988,Brick,SHINGLE,1,8,4,2.5,0,3692,16291,15025,60669,NotCity,13.094
PA10817,520000,SINGLE FAMILY,1,1970,Brick,SHINGLE,1,5,2,2,0,3436,43459,15332,62875,NotCity,20.091
PA10324,291750,SINGLE FAMILY,1,1951,Brick,SLATE,1,8,2,2.5,0,1939,12963,15243,60717,NotCity,7.224
PA10661,429900,SINGLE FAMILY,2,2001,Frame,SHINGLE,1,8,4,2.5,1,3117,18792,15044,95289,NotCity,16.661
PA10080,32500,SINGLE FAMILY,2,1927,Frame,SHINGLE,1,5,2,1,0,1218,4200,15226,37889,PartCity,3.976
PA10071,229000,SINGLE FAMILY,2,2001,Frame,SHINGLE,1,8,4,2.5,0,2291,11891,15236,46913,NotCity,7.695
PA10110,55000,SINGLE FAMILY,2,1900,Frame,SHINGLE,1,4,2,1,0,1088,2050,15014,42500,NotCity,21.713
PA10305,163000,SINGLE FAMILY,1.5,1952,Brick,SHINGLE,1,6,3,2,0,2177,67082,15332,62875,NotCity,20.091
PA10887,129500,SINGLE FAMILY,1.5,1942,Brick,SHINGLE,1,5,2,1,0,970,6250,15220,44018,PartCity,3.907
PA10853,426083,SINGLE FAMILY,2,2015,Frame,SHINGLE,1,9,4,2.5,0,3116,22849,15044,95289,NotCity,16.661
PA10344,266000,SINGLE FAMILY,2,2012,Frame,SHINGLE,1,8,4,2.5,0,1960,13599,15037,55863,NotCity,18.97
PA10262,159900,SINGLE FAMILY,1,1955,Brick,SHINGLE,1,6,3,2.5,0,1796,13609,15037,55863,NotCity,18.97
PA10716,400000,SINGLE FAMILY,1,1940,Stone,SLATE,1,9,4,3.5,1,2411,13200,15243,60717,NotCity,7.224
PA10973,315000,SINGLE FAMILY,2,2002,Brick,SHINGLE,1,8,4,2.5,0,2482,20908,15025,60669,NotCity,13.094
PA10770,28500,SINGLE FAMILY,2,1957,Frame,SHINGLE,1,8,4,2,0,2062,6985,15235,41367,PartCity,10.963
PA10219,205000,SINGLE FAMILY,3,1900,Frame,ROLL,1,11,5,3,0,3462,3180,15212,26712,PartCity,2.168
PA10822,258000,SINGLE FAMILY,1.5,1989,Brick,SHINGLE,1,10,4,3.5,2,2819,12038,15237,55016,NotCity,11.386
PA10943,423000,SINGLE FAMILY,2,1941,Brick,SLATE,1,8,3,2.5,1,3040,22948,15243,60717,NotCity,7.224
PA10104,85500,SINGLE FAMILY,1,1950,Brick,SHINGLE,1,4,2,1,0,868,4264,15223,33724,NotCity,6.432
PA10302,132000,SINGLE FAMILY,1,1965,Brick,SHINGLE,1,5,3,1,1,1724,21615,15037,55863,NotCity,18.97
PA10189,248300,ROWHOUSE,2,1900,Brick,ROLL,1,5,2,1.5,0,1358,1254,15213,18473,City,3.316
PA10322,118000,SINGLE FAMILY,1,1940,Frame,SHINGLE,1,5,3,2,1,1471,9030,15034,57850,NotCity,13.448
PA10300,138000,SINGLE FAMILY,1,1966,Frame,SHINGLE,1,7,3,2,1,1638,9118,15243,60717,NotCity,7.224
PA10764,129000,SINGLE FAMILY,1,1950,Brick,SHINGLE,1,6,2,1.5,1,879,7743,15236,46913,NotCity,7.695
PA10944,142000,SINGLE FAMILY,1,1959,Brick,SHINGLE,1,7,3,1,1,1564,46696,15025,60669,NotCity,13.094
PA10346,150260,MULTI-FAMILY,3,1920,Frame,SHINGLE,1,6,4,1,0,1760,2000,15219,14399,City,0
PA10042,270528,SINGLE FAMILY,2,2016,Frame,SHINGLE,1,8,4,2.5,0,2064,13971,15026,69387,NotCity,23.041
PA10980,35000,SINGLE FAMILY,2,1900,Brick,SHINGLE,1,4,2,2,0,960,994,15223,33724,NotCity,6.432
PA10949,392000,SINGLE FAMILY,2,1991,Brick,SHINGLE,1,9,3,2.5,1,2430,15103,15237,55016,NotCity,11.386
PA10447,35000,SINGLE FAMILY,2,1938,Brick,SHINGLE,1,6,3,1,1,1176,7068,15235,41367,PartCity,10.963
PA10268,454000,SINGLE FAMILY,1,2008,Brick,SHINGLE,1,7,3,2.5,1,3974,543585,15037,55863,NotCity,18.97
PA10347,265500,SINGLE FAMILY,2,1976,Frame,SHINGLE,1,8,4,2.5,1,2016,31014,15237,55016,NotCity,11.386
PA10225,32500,SINGLE FAMILY,1,1945,Brick,SHINGLE,1,6,3,1.5,2,1176,5000,15226,37889,PartCity,3.976
PA10857,430000,SINGLE FAMILY,2.5,1930,Brick,SHINGLE,1,9,5,1.5,0,2770,4000,15215,43750,PartCity,7.116
PA10877,210000,MULTI-FAMILY,2,1920,Brick,SHINGLE,1,9,4,2,0,3675,6607,15214,30725,PartCity,4.168
PA10040,390000,SINGLE FAMILY,2,2011,Frame,SHINGLE,1,8,4,2.5,0,2833,12109,15237,55016,NotCity,11.386
PA10462,75400,MULTI-FAMILY,2.5,1920,Brick,SHINGLE,1,14,6,3,0,3602,5880,15214,30725,PartCity,4.168
PA10961,782000,SINGLE FAMILY,2,1920,Stone,SLATE,1,10,5,2.5,2,4325,27954,15243,60717,NotCity,7.224
PA10127,500000,SINGLE FAMILY,1,1927,Brick,SLATE,1,12,5,5,3,6663,151284,15215,43750,PartCity,7.116
PA10687,252000,SINGLE FAMILY,2,2004,Frame,SHINGLE,1,8,4,3.5,0,2872,10000,15026,69387,NotCity,23.041
PA10228,138000,SINGLE FAMILY,1,1973,Brick,SHINGLE,1,6,3,1.5,0,1427,12521,15037,55863,NotCity,18.97
PA10478,35000,SINGLE FAMILY,1.5,1930,Frame,SHINGLE,1,6,3,1.5,0,975,60766,15026,69387,NotCity,23.041
PA10970,40000,MULTI-FAMILY,3,1900,Brick,SHINGLE,1,8,4,2,0,2376,1530,15213,18473,City,3.316
PA10048,160000,SINGLE FAMILY,1,1995,Frame,SHINGLE,1,5,3,1,0,2156,43077,15037,55863,NotCity,18.97
PA10955,137240,SINGLE FAMILY,1,1955,Brick,SHINGLE,1,6,3,2,1,1242,7077,15243,60717,NotCity,7.224
PA10378,110000,SINGLE FAMILY,2,1900,Brick,SLATE,1,7,4,1,0,3077,5808,15212,26712,PartCity,2.168
PA10243,485000,SINGLE FAMILY,2,1992,Frame,SHINGLE,1,8,4,2.5,1,2658,21170,15237,55016,NotCity,11.386
PA10987,28000,ROWHOUSE,2,1887,Frame,SHINGLE,1,5,3,1,0,1122,1434,15212,26712,PartCity,2.168
PA10160,373195,SINGLE FAMILY,2,2015,Frame,SHINGLE,1,8,4,2.5,0,2727,14417,15237,55016,NotCity,11.386
